日期,Stars,Forks,Contributors,日新增Stars,日新增Forks
2024-01-01,102,21,5,2,1
2024-01-02,105,22,5,3,1
2024-01-03,108,23,5,3,1
2024-01-04,112,24,5,4,1
2024-01-05,119,24,5,7,0
2024-01-06,122,25,5,3,1
2024-01-07,123,26,5,1,1
2024-01-08,126,26,5,3,0
2024-01-09,130,27,5,3,1
2024-01-10,133,29,5,3,2
2024-01-11,138,31,5,4,2
2024-01-12,141,35,5,3,4
2024-01-13,143,36,5,1,1
2024-01-14,147,36,5,4,0
2024-01-15,151,37,5,4,1
2024-01-16,156,38,5,5,1
2024-01-17,159,38,5,3,0
2024-01-18,160,39,5,1,0
2024-01-19,166,41,5,6,2
2024-01-20,171,42,5,5,1
2024-01-21,172,43,5,1,0
2024-01-22,176,44,5,3,1
2024-01-23,183,44,5,7,0
2024-01-24,189,45,5,5,1
2024-01-25,194,48,5,5,2
2024-01-26,197,48,5,2,0
2024-01-27,204,49,5,7,1
2024-01-28,209,50,5,4,0
2024-01-29,214,52,5,5,2
2024-01-30,217,55,5,3,2
2024-01-31,224,56,5,7,1
2024-02-01,230,59,5,6,2
2024-02-02,236,61,5,6,1
2024-02-03,242,62,5,6,1
2024-02-04,248,65,5,6,2
2024-02-05,251,66,5,3,1
2024-02-06,254,67,5,2,0
2024-02-07,261,69,5,7,1
2024-02-08,271,70,5,9,1
2024-02-09,274,72,5,3,1
2024-02-10,280,73,5,5,1
2024-02-11,284,75,5,4,1
2024-02-12,291,76,5,7,0
2024-02-13,295,79,5,4,2
2024-02-14,299,83,5,4,3
2024-02-15,305,85,5,6,1
2024-02-16,311,88,5,6,2
2024-02-17,316,90,5,5,2
2024-02-18,320,91,5,4,0
2024-02-19,328,93,5,7,1
2024-02-20,333,99,5,5,5
2024-02-21,338,100,5,4,0
2024-02-22,344,101,5,6,0
2024-02-23,355,104,5,10,2
2024-02-24,364,106,5,9,1
2024-02-25,368,108,5,3,1
