订单号,用户ID,商品名称,价格,购买时间,收货地址,手机号,订单状态
ODR000001,U059,Magic Keyboard,334,2024.1.5 13时,杭州市玄武区,abc12345678,已付款
ODR000002,U112,Magic Keyboard,1337元,2024.2.26 13时,,13578706767,已发货
ODR000003,U396,Mac mini M2,6195元,2024.6.10 10时,重庆市锦江区,13994250915,已完成
ODR000004,U437,手机壳,9856,2024-07-20 12:05:56,深圳市西湖区,13867920682,待付款
ODR000005,U036,手机壳,8374,2024.10.23 20时,成都市西湖区,13791823799,已付款
ODR000006,U004,Magic Mouse,¥5396,2024.3.4 15时,南京市浦东新区,13861652926,已发货
ODR000007,U195,USB-C充电线,¥2246,2024-05-09 17:48:11,成都市江汉区,15024055546,已发货
ODR000008,U405,HomePod mini,¥7273,2024.12.24 19时,成都市南山区,13751861434,已取消
ODR000009,U042,HomePod mini,¥8567,2024-07-21 21:48:49,重庆市江汉区,123456,已取消
ODR000010,U265,Magic Keyboard,1066,2024-07-24 16:10:25,杭州市渝中区,15199796262,已付款
ODR000011,U490,手机壳,275,2024/3/13,西安市西湖区,123456,已完成
ODR000012,U319,iMac 24寸,5243元,2024.7.25 17时,北京市渝中区,13604469371,已完成
ODR000013,U204,手机壳,171元,2024-12-06 09:51:58,武汉市南山区,13839933834,待付款
ODR000014,U028,HomePod mini,6052,2024.8.20 14时,杭州市锦江区,13973549179,已发货
ODR000015,U003,iPad Pro 12.9,4586,2024-11-07 18:11:22,西安市西湖区,15298758874,已取消
ODR000016,U070,iPhone 15 Pro,5198,2024.8.23 10时,西安市江汉区,13720450041,已取消
ODR000017,U027,iMac 24寸,7737,2024.3.9 12时,深圳市锦江区,手机号缺失,待付款
ODR000018,U265,iMac 24寸,¥6034,2024-10-18 14:53:12,北京市锦江区,15227026948,已付款
ODR000019,U129,屏幕保护膜,¥9634,2024-12-26 20:36:37,重庆市玄武区,13925230852,待付款
ODR000020,U404,手机壳,7708,2024-10-13 21:36:31,重庆市天河区,13537137999,待付款
ODR000021,U496,MacBook Air M3,222,2024.2.5 16时,深圳市锦江区,13551487321,已付款
ODR000022,U410,iMac 24寸,¥6252,2024-01-12 11:28:27,成都市江汉区,13768441423,已完成
ODR000023,U158,USB-C充电线,9968,2024-09-10 21:46:32,杭州市渝中区,13914741496,待付款
ODR000024,U100,Magic Mouse,6534,2024-07-14 10:34:06,深圳市朝阳区,13854811761,待付款
ODR000025,U028,iPhone 15 pro,¥6815,2024.11.7 9时,,13702542655,已付款
ODR000026,U127,iPhone 15 Pro,4559元,2024.12.28 11时,深圳市雁塔区,13659278932,待付款
ODR000027,U204,AirPods Pro 2,9292,2024.3.24 19时,成都市江汉区,13829314186,待付款
ODR000028,U280,MacBook Air M3,¥6400,2024-05-07 11:32:53,上海市天河区,15258693705,待付款
ODR000029,U225,HomePod mini,7669元,2024.7.20 21时,南京市雁塔区,15213895468,已完成
ODR000030,U190,USB-C充电线,9125,2024.7.17 20时,西安市浦东新区,13759148708,已完成
ODR000031,U090,HomePod mini,¥6362,2024/1/20,上海市浦东新区,13800138,待付款
ODR000032,U424,Apple Watch Series 9,5622,2024.7.27 16时,西安市锦江区,13980109458,已发货
ODR000033,U179,Mac mini M2,¥3735,2024.10.5 9时,广州市雁塔区,15028559582,待付款
ODR000034,U329,iPhone 15 Pro,9157,2024.4.22 11时,北京市南山区,123456,已取消
ODR000035,U428,AirPods Pro 2,7626,2024-05-26 19:16:08,北京市雁塔区,15033924488,已取消
ODR000036,U101,USB-C充电线,¥3388,2024-08-04 09:48:27,北京市朝阳区,13556775261,已取消
ODR000037,U437,手机壳,1430,2024-11-24 19:31:21,武汉市朝阳区,abc12345678,已发货
ODR000038,U088,手机壳,2959,2024.9.5 16时,上海市雁塔区,13645280655,已付款
ODR000039,U269,HomePod mini,5207,2024.8.23 14时,成都市江汉区,15091141748,已取消
ODR000040,U041,Apple Watch Series 9,¥9011,2024-08-10 20:05:34,西安市雁塔区,13548000490,已发货
ODR000041,U222,AirPods Pro 2,¥9657,2024.3.22 11时,成都市天河区,手机号缺失,已完成
ODR000042,U317,iPhone 15 Pro,¥6668,2024-03-05 19:23:50,西安市雁塔区,15020431895,已发货
ODR000043,U435,iPad Pro 12.9,324元,2024-11-14 12:21:31,西安市雁塔区,15285138608,待付款
ODR000044,U204,手机壳,8325,2024.3.10 9时,杭州市雁塔区,15111524840,已完成
ODR000045,U010,iPhone 15 Pro,¥9013,2024-03-23 09:43:37,杭州市锦江区,13856031724,已发货
ODR000046,U464,iMac 24寸,¥5761,2024.11.3 13时,西安市西湖区,13834362921,待付款
ODR000047,U284,Magic Mouse,4386,2024.5.23 12时,重庆市江汉区,13609849169,已取消
ODR000048,U115,USB-C充电线,7327,2024.6.8 13时,重庆市锦江区,13812553217,待付款
ODR000049,U360,Magic Mouse,8304,2024.8.3 9时,西安市雁塔区,15100544050,已取消
ODR000050,U117,HomePod mini,6139,2024-05-07 21:36:22,重庆市江汉区,abc12345678,待付款
ODR000051,U238,Mac mini M2,¥6637,2024.2.9 21时,广州市渝中区,15189599463,已付款
ODR000052,U452,手机壳,7704,2024.3.10 17时,深圳市天河区,13639914520,已取消
ODR000053,U369,Magic Keyboard,901,2024-06-22 19:47:17,武汉市锦江区,13729454502,已发货
ODR000054,U369,Magic Keyboard,3944元,2024-12-22 18:36:58,成都市西湖区,15020962924,待付款
ODR000055,U180,Apple Watch Series 9,846,2024.6.23 16时,重庆市朝阳区,15047191622,已发货
ODR000056,U199,iPad pro 12.9,9033,2024-01-05 13:22:54,武汉市江汉区,15149710009,已取消
ODR000057,U061,iPad Pro 12.9,2457元,2024/5/10,深圳市江汉区,15185167895,已付款
ODR000058,U076,AirPods Pro 2,1603,2024.6.14 18时,重庆市渝中区,13891999981,已发货
ODR000059,U495,Apple Watch Series 9,3717元,2024/3/12,武汉市浦东新区,13853755379,待付款
ODR000060,U229,USB-C充电线,5663,2024.8.22 15时,,13650792828,已取消
ODR000061,U083,屏幕保护膜,9884,2024-10-17 10:16:23,武汉市锦江区,13681311594,已取消
ODR000062,U277,AirPods Pro 2,¥6666,2024/5/18,成都市江汉区,13648513712,待付款
ODR000063,U278,Magic Keyboard,4643元,2024-07-23 11:39:17,深圳市浦东新区,15280196589,待付款
ODR000064,U026,屏幕保护膜,4916,2024-03-07 09:37:58,重庆市浦东新区,13739373661,已付款
ODR000065,U186,MacBook Air M3,1000,2024-08-04 21:04:58,武汉市渝中区,13743623155,已付款
ODR000066,U328,iPhone 15 Pro,9029,2024.12.13 18时,杭州市西湖区,13778609589,已付款
ODR000067,U437,iPad pro 12.9,¥6849,2024-08-05 15:55:08,上海市渝中区,13567750416,已付款
ODR000068,U133,屏幕保护膜,¥4130,2024.3.8 21时,,15020858826,已取消
ODR000069,U111,iMac 24寸,3712,2024/1/17,广州市江汉区,13841542541,已完成
ODR000070,U497,Mac mini M2,2530,2024-06-09 13:22:23,上海市锦江区,13522145135,已完成
ODR000071,U482,USB-C充电线,¥4247,2024-03-22 10:34:52,北京市玄武区,13976361021,待付款
ODR000072,U027,MacBook Air M3,¥3206,2024-09-14 19:18:19,广州市西湖区,13977589282,待付款
ODR000073,U002,屏幕保护膜,¥8274,2024/3/9,北京市西湖区,13908312245,待付款
ODR000074,U290,屏幕保护膜,¥9870,2024-11-20 12:07:11,武汉市锦江区,15203655751,已取消
ODR000075,U481,手机壳,4281,2024.12.14 16时,南京市朝阳区,13603202034,已发货
ODR000076,U477,AirPods Pro 2,3445元,2024-08-04 11:14:19,上海市浦东新区,15139190403,待付款
ODR000077,U496,屏幕保护膜,¥3398,2024.3.3 20时,北京市朝阳区,13607035008,已付款
ODR000078,U354,iPad Pro 12.9,3865,2024-01-28 10:13:27,上海市雁塔区,13698229970,已发货
ODR000079,U426,iPhone 15 Pro,3182,2024-01-04 11:53:21,北京市朝阳区,手机号缺失,已取消
ODR000080,U205,屏幕保护膜,1066元,2024-06-04 17:12:46,广州市江汉区,15252208661,已付款
ODR000081,U277,USB-C充电线,¥7459,2024/9/19,上海市锦江区,13770383683,已发货
ODR000082,U386,USB-C充电线,6910元,2024.10.23 12时,武汉市西湖区,13914920551,已完成
ODR000083,U350,iMac 24寸,481,2024-12-24 15:17:28,北京市浦东新区,13881017211,已取消
ODR000084,U260,手机壳,9952,2024-09-17 16:12:43,北京市雁塔区,15211513334,已付款
ODR000085,U453,AirPods Pro 2,9924,2024-08-07 19:05:18,成都市渝中区,13757033520,已取消
ODR000086,U172,HomePod mini,¥3742,2024.7.26 15时,北京市玄武区,13769918265,已取消
ODR000087,U020,iPad Pro 12.9,7631,2024-02-07 21:19:30,上海市江汉区,13665166861,已付款
ODR000088,U104,Magic Mouse,¥5112,2024-04-21 14:19:28,深圳市南山区,15185523598,已完成
ODR000089,U160,USB-C充电线,8011,2024.9.1 16时,上海市西湖区,13699646044,已付款
ODR000090,U325,Mac mini M2,¥7998,2024-10-11 18:03:05,重庆市锦江区,15004914587,待付款
ODR000091,U209,Magic Keyboard,8548,2024.1.2 18时,西安市锦江区,13902683891,已发货
ODR000092,U497,iPhone 15 Pro,¥4531,2024/3/22,武汉市渝中区,13501614493,已付款
ODR000093,U030,iMac 24寸,466,2024.2.3 19时,上海市天河区,13596512653,已取消
ODR000094,U418,Magic Mouse,¥9607,2024.11.16 15时,武汉市锦江区,15170929454,已发货
ODR000095,U328,iPad pro 12.9,7926,2024.12.26 18时,重庆市玄武区,15155511152,已付款
ODR000096,U015,HomePod mini,8354,2024-09-05 11:47:54,西安市渝中区,13836629281,已完成
ODR000097,U186,USB-C充电线,¥1478,2024.4.9 10时,西安市浦东新区,123456,待付款
ODR000098,U269,AirPods Pro 2,¥6418,2024.1.17 12时,广州市天河区,13585548743,已取消
ODR000099,U363,Magic Mouse,3136,2024.7.14 16时,成都市天河区,13895753189,已付款
ODR000100,U339,手机壳,¥5744,2024.2.26 10时,武汉市江汉区,13533387942,已发货
ODR000101,U363,iPhone 15 Pro,¥6734,2024.7.23 18时,深圳市浦东新区,13746884861,已取消
ODR000102,U217,Apple Watch Series 9,2812,2024-04-11 17:45:38,北京市玄武区,15197278575,已付款
ODR000103,U151,Magic Mouse,¥115,2024-04-19 18:00:18,南京市锦江区,13721825717,已发货
ODR000104,U133,MacBook air M3,9569,2024.4.10 14时,深圳市渝中区,手机号缺失,待付款
ODR000105,U324,AirPods Pro 2,7791元,2024/11/26,南京市雁塔区,15145929662,已完成
ODR000106,U482,Mac mini M2,4223,2024-11-22 12:17:49,南京市朝阳区,13768458225,已发货
ODR000107,U163,iPad Pro 12.9,5262,2024.4.8 18时,杭州市玄武区,15110307764,已付款
ODR000108,U373,Magic Mouse,3180元,2024-06-09 11:34:41,西安市锦江区,13823409649,已取消
ODR000109,U105,AirPods Pro 2,4502,2024/1/22,,13800138,已付款
ODR000110,U241,屏幕保护膜,1586,2024-04-22 15:57:11,,15243276349,已发货
ODR000111,U337,手机壳,¥8129,2024-05-03 21:38:31,西安市渝中区,15031019117,待付款
ODR000112,U008,Magic Keyboard,¥9096,2024-01-14 16:20:32,武汉市锦江区,手机号缺失,已发货
ODR000113,U359,手机壳,¥3251,2024-09-02 09:37:37,西安市渝中区,13714663895,已取消
ODR000114,U495,屏幕保护膜,6336,2024.5.13 19时,上海市江汉区,13644933810,已发货
ODR000115,U262,Mac mini M2,5958,2024-08-12 18:14:05,北京市渝中区,15127369700,已付款
ODR000116,U003,USB-C充电线,¥1237,2024.5.27 15时,上海市天河区,15075471124,已发货
ODR000117,U358,手机壳,7269,2024-12-17 12:09:28,成都市天河区,13800138,已取消
ODR000118,U076,MacBook Air M3,9643,2024/11/2,重庆市浦东新区,15154233579,已发货
ODR000119,U499,屏幕保护膜,¥3789,2024-04-05 18:09:06,北京市雁塔区,13674877885,待付款
ODR000120,U028,Magic Keyboard,¥5399,2024.4.13 10时,西安市南山区,13886570018,已付款
ODR000121,U155,iPad Pro 12.9,¥6810,2024-06-05 11:44:58,杭州市朝阳区,15282518417,已发货
ODR000122,U073,屏幕保护膜,4661,2024/7/17,北京市玄武区,15254820671,已发货
ODR000123,U269,Magic Keyboard,2439,2024.8.17 19时,广州市玄武区,13692328433,待付款
ODR000124,U486,iPhone 15 Pro,9927,2024-01-19 10:02:19,西安市朝阳区,13543880164,待付款
ODR000125,U472,Mac mini M2,¥703,2024/7/2,北京市玄武区,手机号缺失,待付款
ODR000126,U453,iMac 24寸,1262,2024-07-26 19:22:26,北京市西湖区,13908505865,待付款
ODR000127,U417,iMac 24寸,8713元,2024.9.3 12时,深圳市玄武区,15043381227,已发货
ODR000128,U314,iMac 24寸,1329,2024/10/26,成都市西湖区,13803896979,待付款
ODR000129,U270,Magic Keyboard,¥8049,2024-01-04 18:45:03,杭州市西湖区,13766416732,已发货
ODR000130,U393,HomePod mini,2347,2024/4/7,武汉市朝阳区,15257587297,待付款
ODR000131,U380,USB-C充电线,7780,2024.7.7 17时,重庆市朝阳区,15031210916,已发货
ODR000132,U242,HomePod mini,4476,2024-07-04 11:51:28,北京市天河区,13925558413,待付款
ODR000133,U153,Magic Mouse,4556,2024-10-27 19:48:52,北京市西湖区,15139620094,已付款
ODR000134,U218,HomePod mini,6130,2024.10.2 14时,深圳市浦东新区,13824839007,待付款
ODR000135,U090,iPhone 15 Pro,1860,2024-11-18 10:26:19,重庆市朝阳区,13875701094,已取消
ODR000136,U392,HomePod mini,8470元,2024.10.18 13时,杭州市渝中区,13533012535,已完成
ODR000137,U026,iPad Pro 12.9,6209,2024.1.28 9时,上海市锦江区,13853255361,已付款
ODR000138,U366,iMac 24寸,3049,2024/5/28,杭州市渝中区,13571696142,已付款
ODR000139,U392,USB-C充电线,3587,2024-05-13 14:30:31,,13623418871,已发货
ODR000140,U300,iPad Pro 12.9,8971元,2024.12.28 21时,北京市南山区,15094612292,待付款
ODR000141,U465,Mac mini M2,6116,2024-05-23 18:58:38,武汉市渝中区,13552665977,已付款
ODR000142,U333,手机壳,¥1293,2024-12-27 18:18:09,广州市雁塔区,13917733734,已发货
ODR000143,U075,HomePod mini,2183,2024-01-15 11:00:44,北京市江汉区,abc12345678,已付款
ODR000144,U006,AirPods Pro 2,9492,2024-11-25 13:10:39,西安市浦东新区,13861704516,已取消
ODR000145,U262,USB-C充电线,4600,2024/12/6,杭州市朝阳区,13802321340,已付款
ODR000146,U472,Apple Watch Series 9,8991,2024-12-22 11:00:58,深圳市玄武区,13800138,已付款
ODR000147,U241,Apple Watch Series 9,3016,2024.7.17 19时,广州市江汉区,13625625640,待付款
ODR000148,U051,USB-C充电线,1711,2024/6/25,广州市浦东新区,15136746276,已发货
ODR000149,U413,Apple Watch Series 9,¥7182,2024.8.27 19时,重庆市浦东新区,15221976320,待付款
ODR000150,U332,USB-C充电线,5076,2024.12.21 17时,杭州市玄武区,13930381037,已完成
ODR000151,U073,Magic Mouse,¥869,2024.10.18 20时,杭州市江汉区,13533945350,已取消
ODR000152,U474,屏幕保护膜,7471,2024/2/26,西安市玄武区,13802919828,待付款
ODR000153,U379,AirPods Pro 2,¥5330,2024-08-27 18:05:56,武汉市南山区,13531797439,待付款
ODR000154,U291,HomePod mini,5967元,2024-03-06 16:16:45,杭州市西湖区,15265176633,已取消
ODR000155,U262,Magic Keyboard,6691,2024-12-09 11:45:09,杭州市浦东新区,13800138,已取消
ODR000156,U493,HomePod mini,9567,2024.5.13 14时,重庆市浦东新区,13732841166,待付款
ODR000157,U200,Magic Keyboard,¥7773,2024.4.3 15时,,15160096573,已发货
ODR000158,U148,Mac mini M2,7637,2024/4/14,上海市江汉区,15159021002,已取消
ODR000159,U005,屏幕保护膜,3101,2024/7/7,武汉市西湖区,15140437575,待付款
ODR000160,U282,USB-C充电线,¥1718,2024/1/18,重庆市锦江区,13836455502,已付款
ODR000161,U403,手机壳,¥4213,2024/4/19,成都市江汉区,13593937219,待付款
ODR000162,U008,手机壳,4667,2024-05-18 20:03:10,成都市天河区,13626891498,已取消
ODR000163,U115,AirPods Pro 2,5925,2024.2.19 16时,深圳市朝阳区,13985072595,已取消
ODR000164,U412,手机壳,5954,2024.5.7 19时,北京市朝阳区,13549005341,已完成
ODR000165,U303,iPhone 15 Pro,2462元,2024-09-11 19:11:02,成都市浦东新区,15003979969,待付款
ODR000166,U499,Magic Keyboard,7148,2024/1/11,杭州市锦江区,15271798230,已完成
ODR000167,U336,Apple Watch Series 9,¥3430,2024-04-28 11:45:13,重庆市玄武区,13962560805,已发货
ODR000168,U235,Magic Keyboard,7805,2024-12-23 19:56:06,深圳市西湖区,15075176073,待付款
ODR000169,U346,iPhone 15 Pro,¥2667,2024-08-02 09:03:47,西安市江汉区,13620989225,已发货
ODR000170,U085,Apple Watch Series 9,3246元,2024.6.12 16时,杭州市南山区,13851942793,待付款
ODR000171,U134,Mac mini M2,7188,2024/2/22,,13652092491,已付款
ODR000172,U135,手机壳,1367,2024-07-09 13:13:56,深圳市朝阳区,15004318926,待付款
ODR000173,U109,手机壳,253,2024.3.28 16时,重庆市雁塔区,15277559776,已付款
ODR000174,U184,Apple Watch Series 9,¥3253,2024/7/10,杭州市西湖区,手机号缺失,已完成
ODR000175,U018,iPhone 15 Pro,¥5724,2024.5.4 21时,,abc12345678,已发货
ODR000176,U183,Apple Watch Series 9,¥7608,2024-02-22 20:34:01,广州市浦东新区,13612866951,已付款
ODR000177,U378,MacBook Air M3,2723,2024.1.4 15时,上海市西湖区,13717357984,已付款
ODR000178,U070,iPhone 15 pro,5233元,2024-09-14 14:42:26,杭州市西湖区,15004879262,已取消
ODR000179,U016,iPad Pro 12.9,¥5471,2024-06-15 09:52:14,上海市锦江区,15109352515,已完成
ODR000180,U079,MacBook Air M3,¥4530,2024.7.19 15时,上海市渝中区,15212684693,已付款
ODR000181,U242,屏幕保护膜,¥4602,2024-08-05 14:47:46,杭州市朝阳区,13506627922,待付款
ODR000182,U123,屏幕保护膜,6100元,2024.12.19 16时,西安市浦东新区,15197068271,已取消
ODR000183,U001,AirPods Pro 2,8225,2024-01-07 19:56:18,广州市西湖区,13684408654,待付款
ODR000184,U445,HomePod mini,8545,2024-06-09 13:04:52,成都市天河区,13798180954,已取消
ODR000185,U282,USB-C充电线,2069元,2024.6.7 21时,武汉市锦江区,13757948839,已付款
ODR000186,U219,USB-C充电线,1223,2024-01-27 19:10:33,深圳市雁塔区,13765907059,已取消
ODR000187,U233,iMac 24寸,4620,2024.9.3 18时,广州市江汉区,13949927512,已完成
ODR000188,U110,Magic Keyboard,4462,2024-02-10 17:15:05,南京市江汉区,13749386218,已完成
ODR000189,U348,Mac mini M2,3633,2024.10.17 19时,南京市锦江区,13629000345,已发货
ODR000190,U499,屏幕保护膜,¥7219,2024.5.4 11时,杭州市渝中区,15284930333,已发货
ODR000191,U174,屏幕保护膜,¥5803,2024-03-06 16:53:25,成都市天河区,15046875136,已付款
ODR000192,U294,Magic Mouse,1371,2024-03-06 16:50:27,上海市南山区,13797247563,已取消
ODR000193,U084,手机壳,¥8271,2024-09-13 18:58:33,北京市锦江区,15012001365,待付款
ODR000194,U367,Magic Mouse,6280元,2024-11-06 13:58:23,西安市雁塔区,15153086513,已取消
ODR000195,U171,Apple Watch Series 9,4464,2024-02-16 12:37:49,武汉市南山区,手机号缺失,待付款
ODR000196,U390,iPhone 15 Pro,9624元,2024.6.20 21时,南京市朝阳区,13524032881,待付款
ODR000197,U225,Mac mini M2,9810,2024-04-07 09:13:12,深圳市浦东新区,15119679955,已付款
ODR000198,U364,MacBook Air M3,¥9063,2024/9/25,西安市雁塔区,15176173458,待付款
ODR000199,U332,Magic Mouse,1398,2024.6.9 17时,杭州市浦东新区,13811891071,已完成
ODR000200,U093,屏幕保护膜,2184,2024/11/16,北京市锦江区,13606872280,已取消
ODR000201,U363,手机壳,229,2024.5.10 9时,重庆市浦东新区,13715919102,已付款
ODR000202,U313,Apple Watch Series 9,6083,2024-10-18 17:01:08,重庆市江汉区,手机号缺失,已取消
ODR000203,U377,iPad Pro 12.9,¥7695,2024.10.10 21时,成都市江汉区,13763392184,待付款
ODR000204,U090,AirPods Pro 2,6487,2024.4.15 10时,深圳市锦江区,13559909060,已取消
ODR000205,U130,Magic Keyboard,6164,2024.1.19 14时,重庆市浦东新区,15131283859,已完成
ODR000206,U371,iPad Pro 12.9,7982元,2024.2.10 16时,北京市江汉区,13800138,待付款
ODR000207,U309,Magic Mouse,¥590,2024.7.13 20时,南京市锦江区,13691133726,已取消
ODR000208,U386,iPad Pro 12.9,8597,2024.2.3 16时,杭州市朝阳区,13716432401,待付款
ODR000209,U087,Mac mini M2,¥4879,2024-11-10 13:19:00,上海市南山区,13693138815,已发货
ODR000210,U440,iPad Pro 12.9,¥4449,2024.3.18 20时,北京市江汉区,15076842557,已完成
ODR000211,U261,手机壳,5883,2024/8/14,南京市天河区,13814800981,已付款
ODR000212,U170,iPad Pro 12.9,5492,2024.1.9 9时,北京市雁塔区,13540130812,已发货
ODR000213,U240,iPad Pro 12.9,¥6838,2024-08-05 11:44:47,北京市雁塔区,13988673339,已完成
ODR000214,U484,Magic Keyboard,¥6817,2024-04-16 13:31:42,深圳市浦东新区,15156694908,已发货
ODR000215,U470,MacBook Air M3,¥5898,2024-04-01 10:23:45,深圳市渝中区,123456,已取消
ODR000216,U275,手机壳,2544,2024-12-13 21:04:30,北京市玄武区,15227986089,待付款
ODR000217,U248,手机壳,4690元,2024-02-11 17:53:16,成都市玄武区,13674756072,已取消
ODR000218,U316,iPhone 15 Pro,8596,2024-01-08 13:03:08,北京市江汉区,13636541415,已完成
ODR000219,U147,Magic Mouse,6396,2024/7/24,成都市锦江区,13723152797,已发货
ODR000220,U127,HomePod mini,2576,2024-12-21 11:16:11,广州市雁塔区,abc12345678,已取消
ODR000221,U001,USB-C充电线,5293,2024.2.22 21时,南京市西湖区,13800138,已发货
ODR000222,U065,AirPods Pro 2,¥4409,2024/9/27,,13784894388,待付款
ODR000223,U358,Mac mini M2,¥1494,2024-08-10 18:11:21,西安市浦东新区,13771187495,已发货
ODR000224,U432,Magic Mouse,¥9385,2024-02-18 20:16:46,广州市雁塔区,15253077415,已发货
ODR000225,U190,iPad Pro 12.9,6492,2024/5/2,南京市锦江区,15068263351,已付款
ODR000226,U492,Magic Keyboard,3190,2024.10.3 13时,成都市西湖区,15162713049,已付款
ODR000227,U293,MacBook Air M3,1222,2024.11.11 17时,北京市锦江区,15078442964,已付款
ODR000228,U308,HomePod mini,¥8278,2024/5/27,西安市雁塔区,13800138,已付款
ODR000229,U094,Apple Watch Series 9,5510,2024-12-05 10:06:54,成都市浦东新区,13785367080,待付款
ODR000230,U235,AirPods Pro 2,5474,2024-05-16 17:15:38,武汉市江汉区,13884826927,已取消
ODR000231,U011,HomePod mini,2946元,2024/6/2,南京市浦东新区,13800138,待付款
ODR000232,U357,Magic Keyboard,1024,2024.3.17 21时,南京市江汉区,15235226745,已付款
ODR000233,U394,Magic Keyboard,7724,2024.4.11 16时,北京市西湖区,15239615612,已发货
ODR000234,U003,Mac mini M2,8259,2024-07-21 17:44:30,南京市南山区,13680678179,已发货
ODR000235,U155,Mac mini M2,¥4949,2024-12-06 12:46:31,上海市南山区,15203031748,已付款
ODR000236,U050,Mac mini M2,¥7003,2024/8/5,北京市南山区,123456,待付款
ODR000237,U101,Magic Keyboard,3852元,2024.3.26 15时,重庆市渝中区,abc12345678,已发货
ODR000238,U251,Magic Mouse,3301,2024/7/28,广州市玄武区,15293272988,已付款
ODR000239,U107,iPad Pro 12.9,7739,2024.7.18 21时,广州市浦东新区,13603987713,已发货
ODR000240,U089,MacBook Air M3,5308,2024/2/28,西安市天河区,15290709379,已发货
ODR000241,U415,Mac mini M2,1824,2024.5.1 13时,深圳市江汉区,13759487336,已发货
ODR000242,U360,USB-C充电线,¥2141,2024-04-02 21:20:09,成都市南山区,15010976856,已付款
ODR000243,U188,HomePod mini,¥2990,2024.5.3 14时,广州市雁塔区,13719931642,已取消
ODR000244,U290,Magic Mouse,¥2712,2024-06-16 15:42:38,重庆市锦江区,13637100977,待付款
ODR000245,U069,Mac mini M2,4731,2024/6/17,西安市玄武区,13510454281,已付款
ODR000246,U305,Magic Mouse,¥712,2024.8.9 9时,成都市朝阳区,13577355546,已取消
ODR000247,U248,MacBook Air M3,¥4831,2024-03-04 21:56:50,重庆市南山区,13546597397,待付款
ODR000248,U085,AirPods Pro 2,¥3464,2024/10/23,北京市西湖区,13998066103,已付款
ODR000249,U258,iPad Pro 12.9,319,2024-11-01 09:38:55,重庆市锦江区,15155985521,待付款
ODR000250,U457,iMac 24寸,9838元,2024/4/12,西安市西湖区,13714001233,已付款
ODR000251,U418,iPhone 15 Pro,2771,2024.8.13 11时,上海市江汉区,15153479467,已发货
ODR000252,U040,Apple Watch Series 9,3784,2024.2.17 16时,重庆市江汉区,13838945050,已付款
ODR000253,U189,Mac mini M2,2925,2024-08-12 18:54:08,广州市南山区,15000043459,已取消
ODR000254,U174,Magic Keyboard,6812元,2024-06-12 16:07:06,南京市雁塔区,13718719255,已取消
ODR000255,U391,屏幕保护膜,¥8315,2024-02-26 14:48:01,上海市朝阳区,13519252591,已完成
ODR000256,U490,iPhone 15 pro,2187,2024/10/18,广州市玄武区,13695873295,已取消
ODR000257,U490,iMac 24寸,212,2024/2/5,,15299300046,待付款
ODR000258,U379,HomePod mini,7631,2024-12-24 17:17:19,北京市西湖区,15241794258,已付款
ODR000259,U458,AirPods Pro 2,6667,2024/3/9,广州市渝中区,13964743464,已付款
ODR000260,U487,Magic Keyboard,¥7382,2024-11-14 17:48:39,广州市朝阳区,13575524851,已完成
ODR000261,U321,Mac mini M2,8204,2024.3.2 11时,西安市浦东新区,13820076616,已取消
ODR000262,U218,HomePod mini,¥9413,2024-04-25 11:08:44,北京市锦江区,13601891846,已完成
ODR000263,U305,屏幕保护膜,3961,2024.1.28 18时,西安市西湖区,13931872336,已完成
ODR000264,U481,手机壳,5367,2024-09-02 18:15:39,南京市朝阳区,15231308895,已完成
ODR000265,U018,HomePod mini,4550元,2024.7.18 17时,武汉市玄武区,15183554921,已完成
ODR000266,U328,HomePod mini,9774,2024.11.24 16时,西安市南山区,15162902351,已取消
ODR000267,U347,手机壳,¥769,2024-10-04 21:13:58,南京市天河区,13739959525,已付款
ODR000268,U483,iPad Pro 12.9,2629元,2024-02-10 13:29:44,成都市锦江区,15020333543,待付款
ODR000269,U170,iPad Pro 12.9,¥7202,2024.9.6 20时,上海市浦东新区,13751647337,待付款
ODR000270,U328,HomePod mini,1424,2024.5.27 14时,北京市江汉区,手机号缺失,已发货
ODR000271,U399,手机壳,¥7487,2024.6.14 14时,西安市朝阳区,15253887250,已付款
ODR000272,U359,MacBook Air M3,7317,2024.12.3 17时,西安市天河区,15017285214,待付款
ODR000273,U027,Magic Keyboard,¥3343,2024-06-23 21:25:14,西安市西湖区,13879486544,待付款
ODR000274,U307,Mac mini M2,1957元,2024.2.7 21时,北京市天河区,15141076037,已取消
ODR000275,U230,Magic Keyboard,4611元,2024/12/24,上海市锦江区,13797390431,待付款
ODR000276,U111,Magic Mouse,¥7332,2024-08-13 21:49:35,杭州市江汉区,13538241084,已发货
ODR000277,U166,AirPods Pro 2,4436,2024.6.4 11时,上海市江汉区,15039749737,已取消
ODR000278,U251,Magic Keyboard,¥480,2024-03-13 15:12:13,重庆市南山区,13999957025,已发货
ODR000279,U460,iPad Pro 12.9,3601,2024-12-26 21:44:34,上海市朝阳区,13644245952,已付款
ODR000280,U276,Magic Mouse,¥9881,2024/3/25,武汉市玄武区,15030523305,待付款
ODR000281,U179,屏幕保护膜,¥243,2024/1/1,上海市朝阳区,13628469861,已完成
ODR000282,U369,MacBook Air M3,6683,2024-01-08 17:07:08,重庆市朝阳区,15112187405,待付款
ODR000283,U326,手机壳,8913,2024.4.23 12时,北京市雁塔区,abc12345678,已付款
ODR000284,U291,MacBook Air M3,9875,2024-07-17 13:18:59,重庆市西湖区,abc12345678,已取消
ODR000285,U056,Magic Keyboard,¥8533,2024/10/17,深圳市西湖区,13752898323,已取消
ODR000286,U343,HomePod mini,¥3110,2024-10-08 17:21:09,武汉市朝阳区,13800138,已取消
ODR000287,U346,iMac 24寸,7633,2024.8.19 19时,武汉市天河区,手机号缺失,已发货
ODR000288,U074,iPad Pro 12.9,¥5529,2024.10.9 20时,深圳市锦江区,13600423021,已取消
ODR000289,U045,AirPods Pro 2,8941,2024.1.21 20时,杭州市南山区,15020558022,待付款
ODR000290,U029,Apple Watch Series 9,¥1468,2024.1.14 21时,西安市雁塔区,123456,已完成
ODR000291,U226,HomePod mini,7864,2024/8/6,,15256665880,已付款
ODR000292,U372,iPhone 15 pro,9599,2024/7/9,,13912687842,待付款
ODR000293,U370,MacBook Air M3,1705元,2024-04-17 12:23:23,北京市江汉区,13570529176,已取消
ODR000294,U385,Magic Keyboard,¥6623,2024-07-22 19:39:43,,15015878688,待付款
ODR000295,U090,MacBook Air M3,4974,2024.12.6 9时,重庆市渝中区,15144429305,已取消
ODR000296,U339,屏幕保护膜,8136,2024.9.9 11时,上海市西湖区,13705058939,已完成
ODR000297,U147,HomePod mini,1236,2024.7.12 13时,重庆市南山区,13692425454,已付款
ODR000298,U048,HomePod mini,¥6257,2024.4.6 13时,重庆市玄武区,15066668614,已取消
ODR000299,U371,iMac 24寸,¥3712,2024.9.18 15时,成都市锦江区,13765694043,已完成
ODR000300,U433,iPad Pro 12.9,4151,2024-09-13 14:49:22,武汉市江汉区,15114277863,待付款
ODR000301,U422,iMac 24寸,4538,2024.9.9 16时,西安市浦东新区,13640686911,待付款
ODR000302,U081,Apple Watch Series 9,5918,2024/2/12,上海市江汉区,15086173721,已付款
ODR000303,U181,AirPods Pro 2,2812,2024.7.22 17时,广州市玄武区,13802985726,待付款
ODR000304,U274,iPad Pro 12.9,¥2259,2024.2.19 18时,,13532024808,待付款
ODR000305,U198,iPad Pro 12.9,¥465,2024.2.27 10时,广州市天河区,13594475583,已取消
ODR000306,U279,MacBook Air M3,¥7313,2024.6.2 16时,深圳市天河区,abc12345678,已发货
ODR000307,U160,Apple Watch Series 9,¥5788,2024.5.3 9时,南京市雁塔区,13943134245,待付款
ODR000308,U310,HomePod mini,9637,2024-04-17 20:12:48,南京市玄武区,13800138,已取消
ODR000309,U061,屏幕保护膜,7784,2024.8.1 18时,成都市西湖区,13975279787,已发货
ODR000310,U023,iPhone 15 Pro,¥7666,2024/8/24,成都市天河区,15023996729,已发货
ODR000311,U097,iPhone 15 Pro,¥801,2024.4.24 19时,南京市玄武区,13607210807,已付款
ODR000312,U237,屏幕保护膜,7257元,2024-06-23 10:31:42,深圳市玄武区,13954835108,已取消
ODR000313,U458,USB-C充电线,¥161,2024-02-26 18:08:24,上海市朝阳区,13709331371,已取消
ODR000314,U288,HomePod mini,8074元,2024/4/21,,15266817637,待付款
ODR000315,U430,iPad Pro 12.9,3904,2024.3.12 17时,成都市渝中区,13737381571,已完成
ODR000316,U290,手机壳,¥7002,2024.9.2 9时,上海市南山区,手机号缺失,已完成
ODR000317,U261,MacBook Air M3,9473,2024.12.1 20时,西安市渝中区,15091265940,待付款
ODR000318,U347,Mac mini M2,4844,2024-12-06 20:15:44,重庆市天河区,13857123385,待付款
ODR000319,U395,Mac mini M2,2444,2024-09-16 10:56:31,南京市南山区,13615155346,已取消
ODR000320,U205,MacBook Air M3,7516,2024-07-24 11:57:53,成都市南山区,手机号缺失,已取消
ODR000321,U165,iPhone 15 Pro,¥7570,2024.2.28 15时,上海市南山区,15014357229,已发货
ODR000322,U447,iPad Pro 12.9,¥2429,2024-04-24 16:21:05,杭州市雁塔区,15100136403,已发货
ODR000323,U283,iMac 24寸,¥3236,2024.2.22 16时,重庆市雁塔区,13905444577,已发货
ODR000324,U033,AirPods Pro 2,8085元,2024.10.3 10时,西安市西湖区,15291764892,已发货
ODR000325,U432,MacBook Air M3,¥5931,2024.5.28 13时,杭州市玄武区,13837846459,待付款
ODR000326,U300,屏幕保护膜,7877,2024/8/11,深圳市浦东新区,15269074391,待付款
ODR000327,U472,iPad Pro 12.9,¥9496,2024/8/3,广州市西湖区,13916722637,已完成
ODR000328,U100,Magic Mouse,2136,2024.5.15 16时,深圳市浦东新区,13852678409,已发货
ODR000329,U436,AirPods Pro 2,3639,2024.12.26 20时,上海市天河区,13649271503,待付款
ODR000330,U132,Mac mini M2,9682,2024-12-16 09:48:43,北京市南山区,15095937667,已完成
ODR000331,U155,手机壳,¥289,2024-08-02 09:15:26,上海市玄武区,15046765076,已发货
ODR000332,U093,手机壳,9598,2024-07-09 10:59:52,南京市天河区,13815385104,已付款
ODR000333,U414,iMac 24寸,¥2749,2024.8.18 20时,广州市雁塔区,13929827905,已付款
ODR000334,U462,Apple Watch Series 9,¥3734,2024.8.25 13时,重庆市渝中区,13705694727,已发货
ODR000335,U111,Apple Watch Series 9,5473,2024/3/26,杭州市锦江区,13574133870,已完成
ODR000336,U127,iPad Pro 12.9,9806,2024.6.25 17时,北京市天河区,15039379417,已完成
ODR000337,U281,iMac 24寸,¥1376,2024.12.14 19时,重庆市锦江区,13935228414,已完成
ODR000338,U344,MacBook Air M3,1345,2024.10.26 14时,武汉市浦东新区,15181827885,已付款
ODR000339,U015,Magic Mouse,¥3237,2024.10.3 11时,广州市南山区,13817817180,已取消
ODR000340,U009,iPad Pro 12.9,585元,2024-08-03 18:36:54,成都市浦东新区,13968981778,已完成
ODR000341,U048,Mac mini M2,1818,2024.12.15 16时,成都市朝阳区,13757283007,已取消
ODR000342,U224,iPad Pro 12.9,9092元,2024-08-05 20:06:42,南京市渝中区,123456,已付款
ODR000343,U093,MacBook Air M3,¥8748,2024.6.3 11时,西安市南山区,13905391212,已付款
ODR000344,U036,Apple Watch Series 9,¥9616,2024-06-20 12:18:10,西安市朝阳区,13872129302,待付款
ODR000345,U100,HomePod mini,1137,2024-12-01 14:27:42,上海市雁塔区,15160825129,已取消
ODR000346,U017,iPhone 15 Pro,7068,2024-12-07 14:06:38,杭州市渝中区,15258885844,已发货
ODR000347,U225,iPhone 15 pro,2290,2024-01-23 17:28:10,杭州市江汉区,13836029726,已发货
ODR000348,U302,Magic Mouse,170,2024.12.10 13时,南京市天河区,13950984001,已付款
ODR000349,U408,iPad Pro 12.9,¥737,2024-09-09 18:51:34,北京市江汉区,15191417185,已完成
ODR000350,U058,屏幕保护膜,1760,2024.7.17 11时,杭州市江汉区,15029782682,已付款
ODR000351,U395,iPhone 15 Pro,2734,2024.1.8 19时,北京市锦江区,手机号缺失,已取消
ODR000352,U444,Magic Mouse,6600,2024.12.9 9时,成都市朝阳区,13911701097,已发货
ODR000353,U446,iMac 24寸,¥4800,2024.9.25 15时,西安市西湖区,13528508206,已取消
ODR000354,U462,USB-C充电线,2508,2024.6.20 18时,武汉市浦东新区,13774895862,已付款
ODR000355,U053,Apple Watch Series 9,¥4864,2024.1.13 15时,北京市渝中区,13864118164,已完成
ODR000356,U040,AirPods Pro 2,¥4748,2024.11.19 14时,杭州市西湖区,13801963978,待付款
ODR000357,U043,Magic Mouse,8661元,2024-01-14 11:36:09,武汉市江汉区,13994898556,已完成
ODR000358,U275,Apple Watch Series 9,¥5122,2024.4.3 12时,重庆市渝中区,15155445919,已完成
ODR000359,U429,Magic Mouse,4515元,2024-04-01 21:59:32,南京市浦东新区,13622020348,已发货
ODR000360,U285,Magic Keyboard,7259,2024-04-24 19:49:16,成都市雁塔区,13984462236,已发货
ODR000361,U444,USB-C充电线,¥1195,2024-06-09 09:05:54,武汉市雁塔区,15256410622,已取消
ODR000362,U108,Magic Mouse,1620,2024-12-15 17:28:55,武汉市江汉区,15065004366,已发货
ODR000363,U263,MacBook Air M3,¥1006,2024.3.8 21时,杭州市西湖区,15017761813,已付款
ODR000364,U161,屏幕保护膜,410,2024-11-23 11:03:33,杭州市浦东新区,15093555093,已取消
ODR000365,U189,iPad Pro 12.9,2170,2024.8.23 14时,北京市锦江区,15179371924,已取消
ODR000366,U412,USB-C充电线,4197,2024-01-28 12:48:21,武汉市天河区,15279259970,待付款
ODR000367,U264,Magic Keyboard,4634,2024.10.17 19时,北京市天河区,15143934304,待付款
ODR000368,U083,AirPods Pro 2,6582元,2024.1.20 17时,西安市南山区,13621408166,已取消
ODR000369,U445,iMac 24寸,¥6723,2024.8.22 16时,南京市江汉区,13935308927,待付款
ODR000370,U368,HomePod mini,7292,2024.1.16 12时,成都市西湖区,13778783482,已取消
ODR000371,U335,手机壳,4882,2024-05-14 09:46:22,成都市天河区,13920882175,已发货
ODR000372,U267,Magic Mouse,9682,2024-12-23 10:09:19,上海市雁塔区,abc12345678,已取消
ODR000373,U184,Magic Keyboard,1151,2024-02-17 16:22:01,,13521990830,已取消
ODR000374,U154,Mac mini M2,5079,2024-02-10 18:00:33,广州市浦东新区,13953865499,待付款
ODR000375,U167,Magic Mouse,1504,2024.10.16 15时,武汉市雁塔区,13849302284,已付款
ODR000376,U293,Mac mini M2,¥2667,2024-04-26 10:14:49,深圳市锦江区,15213415545,已发货
ODR000377,U357,MacBook Air M3,¥1602,2024.3.11 18时,北京市浦东新区,13519886056,已取消
ODR000378,U469,Apple Watch Series 9,¥9179,2024/8/20,,15127823839,已发货
ODR000379,U380,iMac 24寸,¥9049,2024.2.16 18时,北京市天河区,123456,待付款
ODR000380,U476,iMac 24寸,8353,2024-08-24 20:56:15,杭州市天河区,15230808487,已付款
ODR000381,U147,Mac mini M2,4821,2024-03-04 11:04:56,,15047139517,待付款
ODR000382,U152,iMac 24寸,3147,2024.8.18 10时,广州市玄武区,13605411820,已发货
ODR000383,U471,iPhone 15 Pro,6460元,2024-10-17 09:50:00,武汉市江汉区,15197927487,已完成
ODR000384,U441,手机壳,¥8462,2024.1.9 20时,成都市锦江区,13920230437,已付款
ODR000385,U437,USB-C充电线,7189,2024-10-03 17:01:06,上海市江汉区,13552668307,已取消
ODR000386,U338,手机壳,2915,2024-02-27 09:37:29,杭州市雁塔区,13793905727,已发货
ODR000387,U069,Apple Watch Series 9,¥3713,2024.4.18 18时,上海市玄武区,15061649446,已发货
ODR000388,U312,iMac 24寸,1215,2024-05-15 12:16:05,成都市南山区,13637709114,已完成
ODR000389,U194,iMac 24寸,6675,2024-05-04 11:29:46,上海市渝中区,15106251883,已付款
ODR000390,U462,MacBook Air M3,¥5493,2024-09-13 12:39:27,重庆市浦东新区,15288709054,待付款
ODR000391,U358,Mac mini M2,642,2024.10.8 17时,杭州市朝阳区,13789999139,已发货
ODR000392,U464,MacBook Air M3,2342,2024.2.21 12时,上海市南山区,13765954166,已取消
ODR000393,U212,Magic Mouse,8611,2024.6.24 9时,北京市锦江区,15007722303,待付款
ODR000394,U346,手机壳,¥6765,2024.1.1 19时,西安市锦江区,15298166756,已发货
ODR000395,U393,AirPods Pro 2,9318,2024-04-13 18:36:05,深圳市锦江区,15243034420,已完成
ODR000396,U105,iMac 24寸,1751,2024.2.2 20时,重庆市锦江区,15285076152,已取消
ODR000397,U424,iPhone 15 Pro,7201,2024.5.6 20时,重庆市浦东新区,13768423679,已取消
ODR000398,U137,手机壳,7480,2024.5.19 15时,重庆市玄武区,13591939577,已完成
ODR000399,U137,MacBook Air M3,6499,2024.5.15 9时,深圳市浦东新区,13863751604,已完成
ODR000400,U210,手机壳,¥7018,2024-01-23 17:41:26,杭州市南山区,13858732557,已完成
ODR000401,U323,屏幕保护膜,¥1685,2024-07-24 16:50:04,广州市渝中区,13859117678,待付款
ODR000402,U300,USB-C充电线,6916,2024-09-15 18:06:54,深圳市玄武区,13860344084,已发货
ODR000403,U186,Magic Keyboard,¥5825,2024-11-16 12:53:07,杭州市渝中区,13935181497,已发货
ODR000404,U072,Magic Mouse,9272,2024-07-01 16:10:00,武汉市天河区,13600489822,已取消
ODR000405,U154,MacBook Air M3,¥1991,2024-02-18 16:38:41,南京市南山区,15032599084,已取消
ODR000406,U082,Mac mini M2,3474,2024-08-05 12:26:34,杭州市江汉区,13539729346,待付款
ODR000407,U107,iPad Pro 12.9,9592,2024-08-14 16:06:59,成都市朝阳区,15004233776,已取消
ODR000408,U164,Apple Watch Series 9,¥3259,2024-01-19 11:14:52,成都市朝阳区,15109598751,已付款
ODR000409,U131,iPad Pro 12.9,6982,2024.11.9 16时,南京市玄武区,13576511106,已取消
ODR000410,U051,iMac 24寸,745,2024-09-03 20:22:13,深圳市江汉区,15194850253,已付款
ODR000411,U190,Apple Watch Series 9,8861,2024/6/21,重庆市浦东新区,13726764229,已取消
ODR000412,U419,iPhone 15 pro,¥9227,2024-12-22 11:36:16,武汉市西湖区,13691777646,待付款
ODR000413,U430,iMac 24寸,7854,2024.9.1 18时,成都市江汉区,13873514077,已取消
ODR000414,U430,Magic Keyboard,¥5271,2024.7.28 13时,北京市锦江区,13712668595,已取消
ODR000415,U211,AirPods Pro 2,¥3824,2024.3.12 17时,上海市玄武区,15223321197,已发货
ODR000416,U277,MacBook Air M3,4173,2024-09-20 10:26:59,深圳市朝阳区,123456,已付款
ODR000417,U332,USB-C充电线,3069,2024-07-28 15:06:25,上海市天河区,15038424534,已付款
ODR000418,U219,AirPods Pro 2,1853,2024.1.17 16时,深圳市天河区,13789255225,已发货
ODR000419,U260,iPad Pro 12.9,¥5244,2024.2.10 10时,杭州市渝中区,13592678675,已付款
ODR000420,U377,手机壳,8884元,2024-07-11 15:04:00,北京市南山区,13917255504,待付款
ODR000421,U188,Magic Keyboard,¥1128,2024-05-02 19:04:47,武汉市南山区,13750987625,已取消
ODR000422,U099,HomePod mini,1991,2024-11-06 14:18:54,成都市锦江区,15165695425,已发货
ODR000423,U116,Magic Keyboard,¥3348,2024/2/27,成都市渝中区,13959871498,待付款
ODR000424,U160,屏幕保护膜,¥4057,2024.5.6 18时,北京市玄武区,15039189602,已取消
ODR000425,U447,Mac mini M2,¥3542,2024.7.23 16时,深圳市西湖区,13857614261,已发货
ODR000426,U388,HomePod mini,¥1629,2024.3.9 14时,武汉市江汉区,13525214536,已发货
ODR000427,U265,iPhone 15 pro,6640,2024.3.14 13时,杭州市玄武区,15032540438,已完成
ODR000428,U359,iMac 24寸,5076,2024.7.3 15时,成都市天河区,13764524385,已取消
ODR000429,U026,iPhone 15 Pro,¥5810,2024.4.15 10时,重庆市江汉区,13628898274,已取消
ODR000430,U209,Mac mini M2,¥1510,2024/9/17,成都市南山区,13726084405,已发货
ODR000431,U295,屏幕保护膜,754,2024.5.5 9时,深圳市雁塔区,15055888347,已完成
ODR000432,U456,iMac 24寸,2690,2024/1/1,广州市江汉区,13782703867,已发货
ODR000433,U102,Magic Keyboard,2420,2024/2/23,杭州市渝中区,13800138,待付款
ODR000434,U373,Magic Mouse,4121,2024/8/24,深圳市西湖区,15058004714,已发货
ODR000435,U480,iPhone 15 Pro,¥8757,2024-01-07 11:54:28,深圳市朝阳区,13790395430,待付款
ODR000436,U467,AirPods Pro 2,621元,2024-05-16 21:46:16,上海市南山区,13982303333,已取消
ODR000437,U372,USB-C充电线,5467,2024.12.28 9时,成都市雁塔区,15082544781,已发货
ODR000438,U233,USB-C充电线,8919,2024.10.15 10时,重庆市雁塔区,15029032737,待付款
ODR000439,U296,iMac 24寸,¥8483,2024.9.7 14时,深圳市渝中区,13670625700,已取消
ODR000440,U059,Apple Watch Series 9,8677,2024.5.6 14时,南京市锦江区,13901125447,已取消
ODR000441,U252,iPad Pro 12.9,6075,2024.3.10 15时,北京市锦江区,15009196317,已取消
ODR000442,U001,屏幕保护膜,5394元,2024.4.5 16时,南京市玄武区,15253494928,已发货
ODR000443,U365,USB-C充电线,1924,2024.7.10 21时,西安市朝阳区,15202731464,已完成
ODR000444,U475,iPad Pro 12.9,9396,2024/11/11,成都市天河区,15001012920,待付款
ODR000445,U346,iPad Pro 12.9,2441,2024.1.9 10时,杭州市天河区,13883699160,待付款
ODR000446,U158,iMac 24寸,¥8108,2024.9.16 20时,广州市玄武区,13957512741,已完成
ODR000447,U075,iMac 24寸,¥1268,2024/4/8,上海市天河区,15202873941,已完成
ODR000448,U468,屏幕保护膜,8393,2024.2.22 19时,重庆市锦江区,手机号缺失,待付款
ODR000449,U433,Apple Watch Series 9,8195元,2024-12-18 15:45:28,武汉市西湖区,13805469752,已付款
ODR000450,U159,手机壳,8104元,2024-10-27 17:40:43,重庆市玄武区,123456,已付款
ODR000451,U008,HomePod mini,6909,2024.9.10 10时,,15221343687,已发货
ODR000452,U417,AirPods Pro 2,3080,2024/1/18,武汉市天河区,手机号缺失,已完成
ODR000453,U107,iPad Pro 12.9,2968,2024-08-26 11:18:09,广州市西湖区,13862071086,已付款
ODR000454,U499,MacBook Air M3,¥6654,2024-09-26 13:29:17,上海市渝中区,13863611873,待付款
ODR000455,U295,Magic Mouse,9831,2024-11-10 12:30:17,上海市江汉区,13668301965,已取消
ODR000456,U432,HomePod mini,¥4569,2024.11.12 16时,西安市锦江区,13635670626,已完成
ODR000457,U117,Magic Keyboard,9371,2024-01-17 18:26:54,武汉市雁塔区,13661823577,已发货
ODR000458,U234,手机壳,2525,2024-07-02 21:55:36,深圳市玄武区,15297630582,待付款
ODR000459,U472,iMac 24寸,4774,2024.11.24 15时,南京市朝阳区,abc12345678,已取消
ODR000460,U125,MacBook Air M3,¥8909,2024.10.24 9时,深圳市南山区,13655080536,待付款
ODR000461,U209,Magic Mouse,9761元,2024.5.9 20时,重庆市雁塔区,13951182537,已取消
ODR000462,U486,屏幕保护膜,8256,2024/10/4,北京市江汉区,手机号缺失,已发货
ODR000463,U340,iPad Pro 12.9,6741,2024.2.17 20时,重庆市雁塔区,13738844584,已取消
ODR000464,U275,Mac mini M2,7395,2024-11-22 19:52:24,南京市玄武区,13973281761,已付款
ODR000465,U348,AirPods Pro 2,¥1000,2024.11.13 21时,成都市西湖区,15041838673,已完成
ODR000466,U360,Apple Watch Series 9,¥274,2024.12.28 11时,重庆市朝阳区,13728654027,已付款
ODR000467,U491,iMac 24寸,¥7460,2024/4/18,杭州市浦东新区,13615814118,已发货
ODR000468,U350,iPad Pro 12.9,2571,2024/2/6,武汉市朝阳区,13800056384,已取消
ODR000469,U337,iMac 24寸,6692,2024.9.15 20时,武汉市雁塔区,13859616314,已完成
ODR000470,U380,Magic Keyboard,7594元,2024/12/10,成都市雁塔区,13578346210,已完成
ODR000471,U500,Mac mini M2,5703元,2024.11.25 14时,北京市玄武区,13706726154,已付款
ODR000472,U258,Mac mini M2,8267,2024.5.8 15时,南京市雁塔区,13800138,待付款
ODR000473,U427,Magic Mouse,1058,2024.6.6 14时,广州市渝中区,13869087404,待付款
ODR000474,U010,Mac mini M2,¥1423,2024/6/6,北京市玄武区,15294061589,已付款
ODR000475,U499,手机壳,3123,2024-09-18 12:52:00,广州市南山区,15091475792,待付款
ODR000476,U341,iPhone 15 Pro,1762,2024-08-21 11:29:36,上海市南山区,13897198710,待付款
ODR000477,U124,屏幕保护膜,¥3241,2024/9/14,上海市天河区,15167750767,已付款
ODR000478,U015,Mac mini M2,2695,2024.2.11 12时,上海市玄武区,13620864550,已发货
ODR000479,U126,Magic Mouse,990,2024/3/14,上海市锦江区,13602527891,待付款
ODR000480,U164,HomePod mini,8587元,2024-07-21 20:37:58,西安市渝中区,15029497885,已发货
ODR000481,U146,Magic Mouse,5167,2024.12.8 10时,,13768400722,已取消
ODR000482,U332,iMac 24寸,3463,2024/1/7,上海市南山区,13639144386,已发货
ODR000483,U439,Magic Keyboard,6447,2024.8.26 17时,武汉市浦东新区,13591417268,已取消
ODR000484,U490,AirPods Pro 2,¥9573,2024-07-06 11:48:06,,13790057274,已付款
ODR000485,U065,屏幕保护膜,7896元,2024.8.26 9时,西安市江汉区,15283023633,已付款
ODR000486,U437,iPhone 15 Pro,¥4380,2024-06-19 09:34:04,深圳市天河区,15128212383,已完成
ODR000487,U079,屏幕保护膜,2557,2024/2/28,成都市雁塔区,13812222298,已完成
ODR000488,U076,屏幕保护膜,8208,2024-10-14 11:45:41,重庆市朝阳区,13935502650,已发货
ODR000489,U240,手机壳,6352,2024.6.7 21时,广州市南山区,13521228050,已取消
ODR000490,U385,Magic Keyboard,6580,2024-10-06 18:26:54,南京市锦江区,13608324857,已付款
ODR000491,U070,Mac mini M2,¥5354,2024.12.22 15时,南京市锦江区,13958909045,已取消
ODR000492,U066,Magic Keyboard,7700元,2024-07-11 18:02:23,深圳市玄武区,13816275678,已取消
ODR000493,U060,Apple Watch Series 9,¥3219,2024.4.6 12时,广州市锦江区,15012377459,已完成
ODR000494,U293,MacBook Air M3,¥3202,2024.10.10 11时,西安市雁塔区,123456,已完成
ODR000495,U474,iPad Pro 12.9,9122,2024.1.14 13时,南京市朝阳区,123456,已发货
ODR000496,U373,USB-C充电线,7741,2024/10/7,深圳市雁塔区,123456,已发货
ODR000497,U046,Apple Watch Series 9,3780元,2024-08-21 18:21:58,北京市浦东新区,13835491923,已发货
ODR000498,U213,手机壳,8442,2024.10.24 12时,深圳市锦江区,13627367731,已取消
ODR000499,U143,iPhone 15 Pro,¥2143,2024-07-26 18:02:36,上海市江汉区,13820718343,已取消
ODR000500,U045,屏幕保护膜,¥1379,2024.8.3 19时,上海市浦东新区,手机号缺失,已发货
ODR000501,U072,Mac mini M2,1061,2024.7.25 9时,广州市玄武区,13912343787,已完成
ODR000502,U498,USB-C充电线,7151元,2024.6.17 12时,南京市锦江区,13857440367,已发货
ODR000503,U257,Magic Keyboard,3752元,2024-01-27 20:20:17,深圳市天河区,123456,已取消
ODR000504,U081,手机壳,156,2024.4.21 17时,西安市南山区,13566123389,已完成
ODR000505,U023,屏幕保护膜,1293,2024.4.26 10时,西安市锦江区,手机号缺失,已付款
ODR000506,U486,HomePod mini,4161元,2024/8/2,成都市朝阳区,13845376953,已取消
ODR000507,U291,屏幕保护膜,¥8759,2024.12.18 14时,杭州市西湖区,13614616969,已取消
ODR000508,U292,Mac mini M2,¥9269,2024.12.7 12时,杭州市南山区,13789815336,待付款
ODR000509,U266,AirPods Pro 2,5776元,2024-11-18 21:36:40,深圳市玄武区,15080336378,已付款
ODR000510,U304,Magic Mouse,4928,2024-03-06 17:26:55,杭州市雁塔区,13642640089,待付款
ODR000511,U306,HomePod mini,668,2024.3.4 17时,西安市浦东新区,15117822582,已取消
ODR000512,U035,iPhone 15 Pro,5734,2024.2.3 21时,重庆市玄武区,15068352334,已付款
ODR000513,U239,手机壳,5826,2024.3.12 10时,深圳市浦东新区,13567891093,已完成
ODR000514,U142,Magic Mouse,177,2024-01-27 14:32:49,西安市西湖区,13936073532,已发货
ODR000515,U063,MacBook Air M3,5544,2024-01-28 11:28:35,武汉市渝中区,13733683049,已发货
ODR000516,U405,iPad Pro 12.9,¥8202,2024.10.19 16时,深圳市玄武区,15211768500,已取消
ODR000517,U141,Magic Keyboard,6609元,2024.1.22 16时,杭州市朝阳区,15222104271,已付款
ODR000518,U147,HomePod mini,¥2508,2024/7/8,北京市南山区,13803838676,已完成
ODR000519,U130,手机壳,5871,2024-07-11 19:02:06,上海市江汉区,13835735127,已取消
ODR000520,U403,USB-C充电线,¥5887,2024-11-12 18:54:09,成都市南山区,13811622880,待付款
ODR000521,U332,HomePod mini,6418,2024/3/7,北京市雁塔区,13529075692,已完成
ODR000522,U066,iMac 24寸,9780,2024-11-05 19:55:31,重庆市锦江区,15243397477,已取消
ODR000523,U083,iPad Pro 12.9,546,2024-03-17 11:48:51,南京市天河区,13732217358,已完成
ODR000524,U329,Apple Watch Series 9,¥1460,2024-04-28 20:08:00,南京市天河区,15153023253,已发货
ODR000525,U282,屏幕保护膜,¥1728,2024-12-03 20:51:22,北京市雁塔区,13684251390,待付款
ODR000526,U124,Magic Mouse,9975,2024.12.15 15时,,13719803167,已付款
ODR000527,U020,手机壳,¥6690,2024.6.12 17时,深圳市渝中区,13719958079,已付款
ODR000528,U130,iPad Pro 12.9,¥6520,2024/4/21,北京市江汉区,13986224007,已付款
ODR000529,U026,屏幕保护膜,3691元,2024-02-26 10:00:18,西安市浦东新区,abc12345678,待付款
ODR000530,U108,HomePod mini,8436,2024/3/2,北京市天河区,13995209126,已付款
ODR000531,U351,HomePod mini,¥2415,2024-01-27 18:50:55,西安市锦江区,15288957558,已付款
ODR000532,U146,手机壳,5552,2024.12.10 13时,上海市浦东新区,13826304653,已完成
ODR000533,U051,MacBook Air M3,¥3056,2024/9/25,上海市南山区,13800702555,已取消
ODR000534,U128,HomePod mini,2604,2024.5.23 12时,重庆市浦东新区,15141633674,待付款
ODR000535,U254,iPad Pro 12.9,8695,2024-01-03 17:14:12,武汉市江汉区,13931966393,已发货
ODR000536,U105,Magic Keyboard,3419元,2024-02-06 12:53:51,西安市西湖区,手机号缺失,已取消
ODR000537,U270,USB-C充电线,¥6194,2024.2.7 12时,北京市西湖区,15259880209,待付款
ODR000538,U188,MacBook Air M3,748,2024-11-18 17:59:02,上海市江汉区,13616086709,已付款
ODR000539,U007,屏幕保护膜,3326,2024.12.6 10时,上海市朝阳区,13929279652,待付款
ODR000540,U316,iMac 24寸,2680,2024-02-26 21:11:19,杭州市渝中区,13705636553,待付款
ODR000541,U341,iMac 24寸,9581元,2024.6.15 19时,重庆市渝中区,13949700717,已完成
ODR000542,U307,USB-C充电线,8449,2024-05-16 18:34:30,,15229742780,已付款
ODR000543,U352,USB-C充电线,7476,2024.8.11 12时,重庆市渝中区,15139844959,已发货
ODR000544,U436,HomePod mini,¥4187,2024-04-28 12:52:26,成都市雁塔区,13597004761,已完成
ODR000545,U027,屏幕保护膜,5971,2024/2/23,南京市江汉区,15286690761,已取消
ODR000546,U400,Mac mini M2,5022,2024/7/1,上海市西湖区,13950548715,已取消
ODR000547,U258,Apple Watch Series 9,7997,2024.1.3 16时,,abc12345678,已完成
ODR000548,U435,Apple Watch Series 9,3758,2024.8.18 11时,,13806961443,已取消
ODR000549,U494,USB-C充电线,2825元,2024/7/9,武汉市玄武区,15020453243,待付款
ODR000550,U368,HomePod mini,¥3504,2024/2/16,杭州市天河区,13797586347,已付款
ODR000551,U383,iPhone 15 Pro,5851,2024-06-08 17:04:15,广州市锦江区,13827032291,已付款
ODR000552,U231,Mac mini M2,9553,2024.6.18 11时,广州市江汉区,13794153916,已完成
ODR000553,U350,HomePod mini,¥8962,2024-02-13 21:10:39,武汉市渝中区,13642400603,已发货
ODR000554,U096,Mac mini M2,7356元,2024-06-26 10:10:56,深圳市朝阳区,15192923713,已完成
ODR000555,U400,USB-C充电线,¥868,2024/7/21,杭州市西湖区,15105903754,已完成
ODR000556,U435,iPhone 15 Pro,¥8442,2024/1/13,杭州市天河区,13896673367,待付款
ODR000557,U194,HomePod mini,6917,2024-04-05 16:54:58,北京市雁塔区,13695320945,已发货
ODR000558,U155,手机壳,¥5072,2024-11-04 12:31:43,杭州市南山区,13510300747,待付款
ODR000559,U348,iMac 24寸,1844,2024.10.4 9时,南京市西湖区,15122649693,待付款
ODR000560,U088,手机壳,¥4287,2024.6.21 15时,上海市锦江区,15184491076,待付款
ODR000561,U260,Magic Keyboard,9595,2024/1/6,武汉市玄武区,123456,待付款
ODR000562,U180,MacBook Air M3,8840元,2024.4.18 18时,北京市雁塔区,15287996271,已完成
ODR000563,U118,手机壳,8622,2024.4.19 13时,西安市锦江区,13633057832,已取消
ODR000564,U078,HomePod mini,3033,2024-03-22 15:49:02,西安市西湖区,15083886971,待付款
ODR000565,U322,AirPods Pro 2,¥4416,2024.7.6 13时,,13588926322,已付款
ODR000566,U388,HomePod mini,¥358,2024.10.1 9时,南京市雁塔区,13708786230,已发货
ODR000567,U049,MacBook Air M3,2743,2024.8.6 12时,深圳市天河区,15056716342,已取消
ODR000568,U169,Magic Keyboard,¥1864,2024-01-16 10:54:43,广州市雁塔区,123456,待付款
ODR000569,U215,Mac mini M2,5097,2024-03-10 10:08:26,杭州市玄武区,13676542789,待付款
ODR000570,U322,AirPods Pro 2,¥5528,2024.6.20 21时,深圳市渝中区,13834621693,已发货
ODR000571,U005,屏幕保护膜,8234,2024.6.20 13时,上海市玄武区,13800138,已发货
ODR000572,U135,Mac mini M2,5910元,2024.6.11 20时,,15080643054,已取消
ODR000573,U371,iMac 24寸,9265,2024.5.8 17时,武汉市锦江区,15239329570,已发货
ODR000574,U437,Magic Keyboard,3663元,2024.3.24 16时,南京市雁塔区,13843982499,已付款
ODR000575,U127,MacBook Air M3,9220,2024.8.13 10时,上海市江汉区,13870190321,已取消
ODR000576,U276,HomePod mini,1514,2024-10-16 15:58:27,成都市江汉区,15114743970,已完成
ODR000577,U497,HomePod mini,¥3796,2024-11-07 20:00:18,南京市渝中区,13639297234,已发货
ODR000578,U235,手机壳,¥6932,2024-03-26 20:35:41,北京市浦东新区,15150358499,已发货
ODR000579,U055,iMac 24寸,8738元,2024-10-04 15:20:37,北京市西湖区,13528977308,已付款
ODR000580,U394,iMac 24寸,3639,2024.9.26 19时,杭州市渝中区,手机号缺失,已付款
ODR000581,U211,AirPods Pro 2,5870,2024.5.6 20时,西安市雁塔区,13539755156,已发货
ODR000582,U043,HomePod mini,7577,2024.6.22 13时,南京市西湖区,15167017392,已取消
ODR000583,U001,Magic Keyboard,2042,2024.11.9 12时,杭州市玄武区,13543607083,已取消
ODR000584,U449,Mac mini M2,¥8402,2024-12-16 12:59:37,杭州市浦东新区,13586392320,已付款
ODR000585,U312,Mac mini M2,6386,2024-05-16 16:28:14,武汉市渝中区,15230219323,已付款
ODR000586,U095,USB-C充电线,292,2024/1/15,重庆市江汉区,13741352505,已取消
ODR000587,U416,iMac 24寸,8385元,2024/4/2,成都市渝中区,13753813734,已发货
ODR000588,U266,HomePod mini,2414元,2024.12.4 19时,广州市锦江区,15173214582,待付款
ODR000589,U207,Magic Keyboard,¥5385,2024-04-15 15:28:53,成都市浦东新区,13640014365,待付款
ODR000590,U412,Apple Watch Series 9,¥9322,2024.5.11 16时,南京市西湖区,13667198541,已取消
ODR000591,U020,USB-C充电线,9040,2024-04-04 12:20:40,武汉市玄武区,13676093835,已取消
ODR000592,U276,iPad Pro 12.9,1947,2024.7.26 21时,,13701738611,已付款
ODR000593,U355,手机壳,¥7987,2024.5.1 11时,南京市朝阳区,13568016946,待付款
ODR000594,U280,iMac 24寸,6166,2024/7/1,武汉市雁塔区,abc12345678,已取消
ODR000595,U495,iPad Pro 12.9,¥3289,2024.9.9 19时,武汉市雁塔区,15068430782,已发货
ODR000596,U263,Mac mini M2,6039,2024-02-08 12:41:05,成都市天河区,15207629056,待付款
ODR000597,U362,Magic Mouse,4010,2024.1.19 12时,南京市浦东新区,15012272678,已发货
ODR000598,U204,Magic Keyboard,4684,2024-06-10 12:04:16,成都市雁塔区,15260107409,已取消
ODR000599,U390,iPad Pro 12.9,8335元,2024/4/24,武汉市朝阳区,13932492840,已完成
ODR000600,U066,HomePod mini,¥4749,2024-08-19 12:53:05,北京市天河区,abc12345678,待付款
ODR000601,U122,Magic Mouse,1456,2024-12-07 11:46:31,广州市天河区,13743095868,已取消
ODR000602,U198,AirPods Pro 2,4860元,2024-11-12 10:54:28,广州市西湖区,13589916690,待付款
ODR000603,U290,AirPods Pro 2,586元,2024-12-16 12:01:53,南京市朝阳区,15294808528,已付款
ODR000604,U041,iPhone 15 Pro,2535,2024/4/3,南京市玄武区,15036316525,已发货
ODR000605,U433,HomePod mini,¥7005,2024.9.2 16时,深圳市渝中区,15253585843,已取消
ODR000606,U027,AirPods Pro 2,¥286,2024-08-04 10:07:44,成都市南山区,15203294314,已付款
ODR000607,U030,手机壳,3341,2024-11-01 17:04:16,成都市浦东新区,13836812903,已发货
ODR000608,U321,iMac 24寸,¥6152,2024-04-05 10:30:46,上海市锦江区,15078939714,已发货
ODR000609,U433,iPhone 15 Pro,1326,2024-12-08 18:57:28,成都市朝阳区,15165414204,待付款
ODR000610,U265,HomePod mini,1920,2024-02-12 14:53:28,成都市南山区,13936434006,已取消
ODR000611,U116,airPods pro 2,¥8073,2024-08-26 19:26:23,南京市雁塔区,13591017907,已完成
ODR000612,U062,Magic Mouse,4536,2024-04-08 13:17:58,西安市天河区,15294999450,已完成
ODR000613,U441,iMac 24寸,¥2429,2024-07-17 15:52:06,深圳市渝中区,15206089761,已完成
ODR000614,U043,Magic Mouse,547元,2024/11/10,南京市天河区,13586134406,已取消
ODR000615,U386,屏幕保护膜,7592,2024.2.16 11时,杭州市锦江区,13520017116,已完成
ODR000616,U273,iPhone 15 Pro,¥8651,2024-04-03 12:45:53,西安市雁塔区,13893436272,已付款
ODR000617,U337,Apple Watch Series 9,¥5334,2024-10-21 10:16:17,南京市天河区,15028947221,已完成
ODR000618,U231,Magic Mouse,¥114,2024.4.12 18时,重庆市浦东新区,13959801383,待付款
ODR000619,U340,HomePod mini,¥2180,2024.7.2 9时,西安市朝阳区,15291903177,已取消
ODR000620,U100,Apple Watch Series 9,¥971,2024.7.24 17时,广州市南山区,13921364698,已发货
ODR000621,U049,Magic Keyboard,777,2024-03-10 15:58:28,广州市西湖区,13866415126,已完成
ODR000622,U269,iMac 24寸,2162,2024-03-26 11:33:41,,15055220342,已发货
ODR000623,U187,HomePod mini,5364元,2024-06-18 15:42:52,杭州市锦江区,13767607934,已完成
ODR000624,U073,手机壳,719,2024.7.4 11时,,13702241675,已付款
ODR000625,U285,iPhone 15 Pro,9190,2024.11.15 16时,,15123468318,已完成
ODR000626,U461,Magic Keyboard,4427元,2024-10-27 09:11:00,成都市浦东新区,13566086865,已取消
ODR000627,U356,Magic Keyboard,¥1964,2024.1.14 18时,武汉市渝中区,15050881829,已取消
ODR000628,U292,手机壳,4863元,2024.9.13 10时,武汉市渝中区,15171716812,已发货
ODR000629,U387,手机壳,¥4914,2024/8/2,广州市天河区,13755660580,已发货
ODR000630,U214,AirPods Pro 2,¥3167,2024/1/17,重庆市浦东新区,13887777458,已取消
ODR000631,U432,USB-C充电线,¥659,2024-04-14 17:53:16,西安市锦江区,13877073629,已取消
ODR000632,U495,iPhone 15 Pro,3033,2024-11-01 18:29:03,南京市南山区,15030722498,已付款
ODR000633,U235,USB-C充电线,6402,2024-02-12 09:23:13,杭州市雁塔区,13844676983,已完成
ODR000634,U468,MacBook Air M3,2394,2024.12.4 18时,深圳市江汉区,13811749167,已完成
ODR000635,U174,iPhone 15 Pro,4407,2024/3/4,深圳市锦江区,15112651321,已付款
ODR000636,U384,Mac mini M2,2549,2024.8.10 14时,重庆市浦东新区,15115629020,已发货
ODR000637,U289,USB-C充电线,¥6523,2024.11.21 9时,成都市浦东新区,13837451733,待付款
ODR000638,U389,手机壳,¥957,2024/7/18,北京市南山区,13512729799,已发货
ODR000639,U138,AirPods Pro 2,3442元,2024.8.4 10时,深圳市雁塔区,15214797125,已取消
ODR000640,U237,Apple Watch Series 9,¥1560,2024-02-21 18:18:24,深圳市江汉区,13847933528,已发货
ODR000641,U041,Magic Mouse,6186,2024-09-05 20:11:00,重庆市玄武区,13686983561,待付款
ODR000642,U184,手机壳,¥2295,2024.11.3 9时,南京市朝阳区,15240938987,已取消
ODR000643,U003,iMac 24寸,¥6020,2024.12.4 13时,广州市玄武区,13791399070,已发货
ODR000644,U106,iPhone 15 Pro,¥3077,2024-05-17 14:34:44,北京市江汉区,15114577790,已取消
ODR000645,U217,HomePod mini,1874,2024.4.25 12时,广州市西湖区,13583552020,已取消
ODR000646,U070,iPad Pro 12.9,6797,2024.5.28 10时,广州市浦东新区,13706067757,已付款
ODR000647,U142,手机壳,9049,2024-05-20 21:00:06,西安市雁塔区,13637732517,待付款
ODR000648,U179,iMac 24寸,¥315,2024-02-15 10:43:07,西安市玄武区,13800138,已发货
ODR000649,U183,Apple Watch Series 9,1699,2024.8.18 15时,重庆市天河区,13882490272,已完成
ODR000650,U227,iPhone 15 Pro,¥3269,2024-01-01 18:43:02,北京市南山区,15169022149,已发货
ODR000651,U100,iMac 24寸,863元,2024.8.8 15时,广州市西湖区,13862561949,待付款
ODR000652,U311,Apple Watch Series 9,¥5687,2024/7/2,武汉市锦江区,15011035319,已付款
ODR000653,U475,手机壳,4201元,2024.11.24 16时,重庆市江汉区,13689271744,已付款
ODR000654,U056,Mac mini M2,4311元,2024.2.13 16时,南京市朝阳区,13764748992,已付款
ODR000655,U182,屏幕保护膜,4515,2024/9/27,北京市南山区,13695587021,待付款
ODR000656,U251,iPad Pro 12.9,9376,2024.10.4 11时,杭州市天河区,15172942309,已发货
ODR000657,U214,Apple Watch Series 9,4117,2024.11.17 21时,西安市浦东新区,13933216437,已发货
ODR000658,U293,手机壳,1292,2024-05-13 10:00:45,杭州市浦东新区,13929102717,已付款
ODR000659,U441,Magic Keyboard,1982,2024.12.13 11时,武汉市江汉区,15086798223,已付款
ODR000660,U305,iPhone 15 Pro,612,2024-08-21 20:29:00,上海市玄武区,15208650185,待付款
ODR000661,U237,iPad Pro 12.9,6678,2024.7.11 16时,南京市渝中区,13800138,已发货
ODR000662,U054,Mac mini M2,4068,2024-09-28 13:40:41,上海市锦江区,13815753003,已取消
ODR000663,U217,HomePod mini,1421,2024.10.15 13时,重庆市朝阳区,13514787847,已付款
ODR000664,U099,USB-C充电线,185元,2024.4.16 14时,广州市江汉区,13522779713,已取消
ODR000665,U051,Apple Watch Series 9,2600,2024.3.23 21时,武汉市雁塔区,13901178845,已付款
ODR000666,U189,iMac 24寸,1689元,2024-05-06 11:20:15,西安市浦东新区,13803403250,待付款
ODR000667,U007,MacBook air M3,5340,2024.2.19 16时,深圳市浦东新区,13574364496,待付款
ODR000668,U231,Magic Keyboard,6527,2024/9/8,重庆市南山区,13925059757,已取消
ODR000669,U306,iMac 24寸,8566,2024-03-08 16:49:22,成都市江汉区,15082852911,已取消
ODR000670,U140,USB-C充电线,1185,2024.4.19 18时,,13657766086,已取消
ODR000671,U409,屏幕保护膜,431,2024-02-21 09:42:01,上海市雁塔区,15153199827,已发货
ODR000672,U253,HomePod mini,2503,2024-01-16 20:59:03,西安市南山区,13892664836,已取消
ODR000673,U373,iPad Pro 12.9,4447,2024.1.15 13时,深圳市南山区,15100598012,已取消
ODR000674,U400,iPad Pro 12.9,7947,2024.1.5 17时,北京市天河区,13786703061,已完成
ODR000675,U406,iMac 24寸,8394,2024-08-15 14:56:34,成都市渝中区,15054786581,已完成
ODR000676,U397,iPhone 15 Pro,1371元,2024.9.28 16时,杭州市雁塔区,123456,已完成
ODR000677,U246,Mac mini M2,¥786,2024.2.27 14时,南京市玄武区,13651822195,已付款
ODR000678,U474,HomePod mini,586,2024.10.19 13时,广州市南山区,13681689406,已取消
ODR000679,U295,AirPods Pro 2,¥3845,2024/4/16,杭州市锦江区,15150217126,待付款
ODR000680,U265,Magic Mouse,4213,2024-05-06 11:32:40,西安市锦江区,13969688156,已取消
ODR000681,U311,屏幕保护膜,347,2024.9.24 15时,广州市浦东新区,15269465651,待付款
ODR000682,U463,iPad Pro 12.9,4435,2024/7/25,杭州市江汉区,13794205626,已取消
ODR000683,U340,HomePod mini,6265,2024-10-25 20:11:28,杭州市渝中区,13850013986,待付款
ODR000684,U241,Magic Keyboard,¥7048,2024.9.21 18时,上海市江汉区,13744834480,已取消
ODR000685,U298,Magic Mouse,¥3148,2024-05-03 20:43:59,深圳市玄武区,13837360571,已取消
ODR000686,U289,iPhone 15 Pro,6895,2024.2.4 10时,重庆市玄武区,13665364436,已付款
ODR000687,U438,Magic Mouse,2474,2024-05-11 19:57:56,重庆市雁塔区,13856715798,待付款
ODR000688,U419,Magic Keyboard,6459,2024-10-09 11:49:24,南京市浦东新区,123456,已完成
ODR000689,U297,iPad Pro 12.9,1856元,2024-06-23 16:24:26,杭州市浦东新区,15172338008,已付款
ODR000690,U100,iPhone 15 Pro,8753元,2024/5/19,北京市西湖区,15191274563,已发货
ODR000691,U324,MacBook Air M3,5840,2024.1.1 9时,深圳市锦江区,15170125671,待付款
ODR000692,U179,Apple Watch Series 9,7271,2024-07-11 09:37:50,广州市天河区,13880887341,已付款
ODR000693,U232,iMac 24寸,¥5367,2024.4.25 12时,南京市浦东新区,15045181152,已发货
ODR000694,U379,Apple Watch Series 9,4227,2024.5.14 9时,北京市锦江区,15195972304,已取消
ODR000695,U384,手机壳,7942元,2024/5/10,南京市雁塔区,13755354634,已付款
ODR000696,U157,USB-C充电线,6007元,2024-10-03 13:12:28,西安市雁塔区,手机号缺失,待付款
ODR000697,U074,Apple Watch Series 9,4347元,2024-09-11 15:15:07,上海市江汉区,13600688268,已完成
ODR000698,U035,AirPods Pro 2,4530,2024.4.20 18时,深圳市玄武区,15219121602,已发货
ODR000699,U012,HomePod mini,¥1509,2024-10-15 16:23:05,杭州市渝中区,13767838778,已完成
ODR000700,U473,iPad Pro 12.9,¥7817,2024.10.20 18时,北京市西湖区,15097153436,已付款
ODR000701,U477,AirPods Pro 2,8241,2024/7/19,武汉市天河区,13730640488,已完成
ODR000702,U477,屏幕保护膜,6239元,2024-09-10 16:12:06,北京市雁塔区,15010359021,已发货
ODR000703,U268,屏幕保护膜,5415,2024.3.19 11时,上海市浦东新区,15257837070,待付款
ODR000704,U192,AirPods Pro 2,1738元,2024-10-08 10:33:50,杭州市雁塔区,15115859502,已完成
ODR000705,U467,iPhone 15 Pro,¥7296,2024.9.7 16时,广州市浦东新区,13546177639,已取消
ODR000706,U247,屏幕保护膜,¥4961,2024-06-05 09:41:01,重庆市朝阳区,15008390676,已完成
ODR000707,U213,AirPods Pro 2,7776,2024-12-23 18:56:47,深圳市西湖区,15228807869,待付款
ODR000708,U169,iPhone 15 Pro,2522元,2024-12-12 16:26:58,成都市西湖区,13808128110,已完成
ODR000709,U280,MacBook Air M3,3887,2024-11-24 17:50:35,西安市朝阳区,15243212143,已发货
ODR000710,U251,iPhone 15 Pro,7881,2024-09-27 12:38:36,成都市天河区,13634833296,已完成
ODR000711,U396,iPad Pro 12.9,¥6587,2024/4/14,广州市渝中区,13638296178,已付款
ODR000712,U269,MacBook Air M3,¥932,2024/2/21,杭州市雁塔区,15102142630,待付款
ODR000713,U340,iPhone 15 Pro,¥2811,2024-03-13 10:51:23,,13745116327,待付款
ODR000714,U395,HomePod mini,9550元,2024/6/3,武汉市天河区,15132526172,已完成
ODR000715,U296,手机壳,1066元,2024-01-19 09:37:09,杭州市锦江区,123456,已发货
ODR000716,U266,iMac 24寸,7184,2024/7/28,,15033120802,待付款
ODR000717,U065,AirPods Pro 2,¥3340,2024-09-22 16:27:38,南京市南山区,13797585846,已付款
ODR000718,U035,手机壳,8909元,2024.11.17 12时,重庆市锦江区,13970465890,已付款
ODR000719,U176,Magic Mouse,753,2024.12.22 15时,西安市玄武区,15285612851,已完成
ODR000720,U205,MacBook Air M3,2034,2024/4/10,广州市锦江区,abc12345678,已完成
ODR000721,U003,Magic Mouse,3263,2024.5.18 9时,重庆市江汉区,13549578970,已取消
ODR000722,U158,iPhone 15 Pro,5999,2024.1.2 12时,北京市渝中区,abc12345678,已发货
ODR000723,U019,HomePod mini,9693,2024.2.13 21时,北京市锦江区,13690280467,已发货
ODR000724,U312,手机壳,1574,2024/1/22,上海市浦东新区,123456,已付款
ODR000725,U285,Mac mini M2,355,2024.9.23 17时,杭州市玄武区,15294555813,已完成
ODR000726,U075,HomePod mini,7587,2024.6.8 17时,武汉市雁塔区,123456,已完成
ODR000727,U489,iMac 24寸,4908,2024.6.14 19时,南京市玄武区,13631157123,待付款
ODR000728,U192,手机壳,2200,2024.10.14 18时,成都市江汉区,13794686317,已取消
ODR000729,U138,MacBook Air M3,¥8834,2024.8.23 17时,西安市天河区,13738065988,待付款
ODR000730,U206,手机壳,¥7617,2024.6.9 21时,广州市渝中区,13802527734,待付款
ODR000731,U060,MacBook Air M3,¥2753,2024.3.28 19时,广州市江汉区,15187799936,已发货
ODR000732,U048,MacBook Air M3,8655元,2024-09-04 11:24:30,北京市渝中区,13800138,已完成
ODR000733,U329,Mac mini M2,7055元,2024.7.23 14时,上海市南山区,13645280118,已完成
ODR000734,U081,iPad Pro 12.9,1587,2024-11-11 17:55:21,杭州市江汉区,13747029845,已付款
ODR000735,U317,MacBook Air M3,7071,2024.11.6 10时,成都市浦东新区,123456,已取消
ODR000736,U103,MacBook Air M3,¥9007,2024.4.23 13时,,abc12345678,已付款
ODR000737,U319,Mac mini M2,9772,2024/3/14,武汉市渝中区,13710704434,已完成
ODR000738,U322,手机壳,5999,2024.2.14 13时,北京市朝阳区,abc12345678,已发货
ODR000739,U231,HomePod mini,9996,2024-07-12 11:16:43,深圳市西湖区,15109978705,已付款
ODR000740,U436,Magic Keyboard,7669,2024/2/24,上海市南山区,13962823310,已付款
ODR000741,U275,屏幕保护膜,3632,2024-04-18 15:01:28,广州市玄武区,13685761398,已发货
ODR000742,U113,Apple Watch Series 9,5273,2024.4.3 19时,,13851654731,已完成
ODR000743,U020,iPad Pro 12.9,6798元,2024/10/23,上海市江汉区,13632342169,已完成
ODR000744,U076,Apple Watch Series 9,¥6778,2024-03-07 10:34:44,广州市玄武区,13669206146,已完成
ODR000745,U088,手机壳,8028,2024-08-06 20:23:24,深圳市南山区,15068198376,已取消
ODR000746,U204,AirPods Pro 2,8836,2024.3.2 16时,西安市渝中区,13908317866,待付款
ODR000747,U129,Apple Watch Series 9,306,2024.7.20 20时,西安市朝阳区,13822195018,已付款
ODR000748,U283,AirPods Pro 2,1432,2024.10.19 11时,重庆市雁塔区,15024008551,待付款
ODR000749,U260,Magic Keyboard,4188,2024-10-22 15:23:53,杭州市雁塔区,15165559256,已发货
ODR000750,U264,iPad Pro 12.9,1057,2024-07-04 14:59:57,重庆市江汉区,13679097348,待付款
ODR000751,U231,屏幕保护膜,9905,2024.2.20 11时,上海市西湖区,13712110119,待付款
ODR000752,U381,Apple Watch Series 9,¥7716,2024.11.18 11时,广州市天河区,13752042385,已发货
ODR000753,U119,AirPods Pro 2,3527,2024.2.10 10时,武汉市渝中区,13790651350,待付款
ODR000754,U331,iMac 24寸,7276,2024-11-13 21:48:11,深圳市锦江区,15041776464,已取消
ODR000755,U481,HomePod mini,4332,2024.10.15 11时,,13920139133,已付款
ODR000756,U110,Apple Watch Series 9,¥9454,2024.7.20 12时,杭州市江汉区,13893147182,已付款
ODR000757,U386,MacBook Air M3,¥6687,2024.6.18 20时,北京市天河区,13753698883,已付款
ODR000758,U228,屏幕保护膜,7946,2024.8.23 17时,杭州市西湖区,13828875946,已取消
ODR000759,U454,屏幕保护膜,7667,2024/3/20,西安市玄武区,13581704272,待付款
ODR000760,U389,iPad Pro 12.9,7577,2024.8.25 20时,南京市雁塔区,13841914665,待付款
ODR000761,U002,HomePod mini,¥2477,2024-11-21 12:39:05,重庆市浦东新区,15131030424,已发货
ODR000762,U139,屏幕保护膜,6116,2024.7.10 12时,成都市雁塔区,13507265505,已付款
ODR000763,U360,AirPods Pro 2,1563,2024/2/14,南京市玄武区,13924946108,已完成
ODR000764,U047,Apple Watch Series 9,9032,2024-10-28 16:46:06,西安市江汉区,13684621729,已取消
ODR000765,U097,HomePod mini,5477,2024.1.15 14时,武汉市锦江区,13562265449,已完成
ODR000766,U366,USB-C充电线,6543,2024-02-09 15:25:52,杭州市雁塔区,13526788332,待付款
ODR000767,U069,Magic Mouse,7527,2024-09-16 15:59:12,武汉市西湖区,15186878939,已取消
ODR000768,U154,MacBook Air M3,4764,2024-08-05 15:26:44,成都市江汉区,15245044638,已发货
ODR000769,U044,Apple Watch Series 9,7546,2024.5.7 21时,杭州市玄武区,15033324880,已发货
ODR000770,U234,iPhone 15 Pro,4857,2024-11-17 15:02:50,西安市渝中区,123456,待付款
ODR000771,U063,iPad Pro 12.9,3409,2024.11.14 11时,上海市雁塔区,15277506205,待付款
ODR000772,U044,Magic Mouse,9199,2024-07-27 20:18:07,重庆市天河区,13787588065,已发货
ODR000773,U194,Apple Watch Series 9,4646元,2024/8/25,深圳市南山区,15199317668,待付款
ODR000774,U183,Magic Mouse,¥5685,2024.5.23 17时,杭州市南山区,15097876958,已付款
ODR000775,U260,Magic Keyboard,¥9112,2024.1.20 11时,西安市锦江区,13596920495,待付款
ODR000776,U189,Mac mini M2,6408,2024-08-14 10:03:07,西安市西湖区,15123217460,已完成
ODR000777,U283,Apple Watch Series 9,¥9599,2024.2.15 13时,重庆市雁塔区,13518591983,已完成
ODR000778,U402,Apple Watch Series 9,¥5185,2024.5.19 17时,西安市锦江区,15276240047,已付款
ODR000779,U065,Magic Keyboard,4570,2024.7.26 9时,武汉市天河区,13940633311,已取消
ODR000780,U351,MacBook Air M3,3468,2024.1.6 21时,武汉市玄武区,15285771390,已完成
ODR000781,U222,USB-C充电线,8733,2024-03-24 11:23:17,杭州市江汉区,13796707771,已发货
ODR000782,U380,Magic Keyboard,8829,2024.4.17 14时,,13614701335,已发货
ODR000783,U150,Mac mini M2,9015,2024-08-25 17:54:50,广州市锦江区,13695251316,已付款
ODR000784,U484,USB-C充电线,7092元,2024.9.16 12时,重庆市浦东新区,15113452489,已付款
ODR000785,U143,HomePod mini,1835,2024-12-12 21:09:54,上海市锦江区,13513181646,待付款
ODR000786,U198,Apple Watch Series 9,5759,2024.1.17 14时,广州市朝阳区,手机号缺失,已发货
ODR000787,U248,Mac mini M2,3543,2024-02-01 21:56:32,杭州市雁塔区,abc12345678,已付款
ODR000788,U347,HomePod mini,4956,2024-07-07 15:01:37,南京市南山区,13535139981,已取消
ODR000789,U339,iMac 24寸,9447,2024.1.25 17时,北京市南山区,123456,已付款
ODR000790,U232,Magic Mouse,8438,2024.10.26 11时,上海市浦东新区,15061018006,已完成
ODR000791,U004,iPhone 15 Pro,103,2024/5/9,北京市渝中区,15168309584,已付款
ODR000792,U249,Apple Watch Series 9,¥917,2024.8.2 17时,深圳市天河区,13751662438,已付款
ODR000793,U396,手机壳,7595元,2024-06-03 20:45:03,上海市浦东新区,13952919934,已发货
ODR000794,U382,屏幕保护膜,2381,2024-08-07 19:46:16,深圳市西湖区,13876960228,已完成
ODR000795,U192,USB-C充电线,4546,2024-08-21 13:59:36,深圳市朝阳区,abc12345678,已完成
ODR000796,U473,Magic Keyboard,4642,2024-04-16 11:13:25,西安市南山区,15083260014,已完成
ODR000797,U420,手机壳,8593,2024.6.22 13时,武汉市锦江区,13723347099,已取消
ODR000798,U402,屏幕保护膜,205,2024-01-13 14:31:12,成都市天河区,15296651522,已完成
ODR000799,U156,MacBook Air M3,9703,2024-10-26 14:42:37,西安市南山区,13986531479,待付款
ODR000800,U236,Magic Mouse,2591,2024-05-11 16:38:34,成都市朝阳区,手机号缺失,已完成
ODR000801,U117,Magic Keyboard,¥912,2024.2.22 10时,重庆市雁塔区,13531762468,已付款
ODR000802,U296,Apple Watch Series 9,4080,2024/10/19,北京市浦东新区,13803216068,待付款
ODR000803,U015,Magic Mouse,¥3651,2024-07-17 18:27:12,广州市天河区,15275423389,已完成
ODR000804,U213,USB-C充电线,2325,2024-07-12 12:40:35,南京市锦江区,13800138,已付款
ODR000805,U164,屏幕保护膜,¥9488,2024-12-10 15:54:10,重庆市锦江区,13994914281,待付款
ODR000806,U472,Magic Mouse,3970,2024-05-19 09:11:15,北京市锦江区,15085135804,已取消
ODR000807,U083,iPad Pro 12.9,2016,2024-12-06 14:18:27,成都市锦江区,13812002718,已付款
ODR000808,U102,HomePod mini,9326,2024-02-17 14:01:52,上海市江汉区,13800138,已完成
ODR000809,U194,Magic Mouse,¥5138,2024-08-01 09:05:30,广州市玄武区,15110919203,已完成
ODR000810,U216,HomePod mini,8845,2024.9.2 17时,上海市朝阳区,13905837530,待付款
ODR000811,U420,HomePod mini,2875,2024-01-14 09:25:47,广州市渝中区,13760333588,已付款
ODR000812,U140,Apple Watch Series 9,1067元,2024.1.25 18时,武汉市雁塔区,13647342995,已完成
ODR000813,U460,iMac 24寸,3403,2024-11-11 10:26:43,广州市浦东新区,13633700229,已取消
ODR000814,U383,手机壳,4241,2024.1.16 9时,南京市玄武区,13555589330,已付款
ODR000815,U192,Mac mini M2,8076,2024/2/6,广州市西湖区,15031670118,待付款
ODR000816,U396,Magic Mouse,2072,2024/10/22,深圳市浦东新区,13766106936,已取消
ODR000817,U397,Apple Watch Series 9,5481,2024.8.25 10时,深圳市朝阳区,13555698842,已取消
ODR000818,U464,USB-C充电线,1769,2024.11.4 17时,成都市西湖区,15034382207,已付款
ODR000819,U125,USB-C充电线,¥938,2024/5/11,武汉市浦东新区,15140027023,已取消
ODR000820,U192,AirPods Pro 2,9273元,2024.9.9 19时,重庆市天河区,13584287232,待付款
ODR000821,U136,Apple Watch Series 9,5730,2024.8.2 11时,成都市雁塔区,13773479164,已完成
ODR000822,U163,Magic Keyboard,2760,2024.12.10 12时,深圳市西湖区,15012905825,待付款
ODR000823,U247,MacBook Air M3,8803,2024-11-24 10:38:58,重庆市玄武区,15164030305,已发货
ODR000824,U279,AirPods Pro 2,7376,2024-02-23 15:54:26,西安市渝中区,13542359705,已发货
ODR000825,U269,iPad Pro 12.9,4368元,2024.11.8 18时,广州市南山区,15012405542,待付款
ODR000826,U381,HomePod mini,¥1531,2024.8.9 14时,重庆市渝中区,15103981226,已取消
ODR000827,U179,Magic Mouse,9570元,2024-07-11 21:42:44,西安市西湖区,15269006834,已发货
ODR000828,U056,AirPods Pro 2,6183,2024/7/18,北京市江汉区,15037116094,已完成
ODR000829,U064,手机壳,7574,2024.8.12 15时,武汉市锦江区,手机号缺失,已取消
ODR000830,U013,Magic Keyboard,5263,2024-07-19 15:30:12,成都市渝中区,15086862214,已取消
ODR000831,U149,手机壳,8845,2024-03-08 16:24:08,广州市天河区,13836609739,已取消
ODR000832,U011,MacBook Air M3,4158,2024.7.9 11时,西安市渝中区,13933805434,已完成
ODR000833,U014,HomePod mini,6768,2024.10.9 10时,北京市江汉区,15281209997,已完成
ODR000834,U462,Magic Mouse,5296,2024.7.17 17时,西安市西湖区,13930104575,待付款
ODR000835,U013,手机壳,8876,2024.1.14 17时,成都市西湖区,15041392546,待付款
ODR000836,U497,USB-C充电线,5432,2024-04-02 18:56:57,武汉市锦江区,15235298044,已付款
ODR000837,U256,Magic Mouse,¥5223,2024/12/28,西安市天河区,13629405796,已付款
ODR000838,U356,Mac mini M2,9009,2024-08-13 15:32:11,成都市江汉区,13500207737,待付款
ODR000839,U389,Magic Mouse,1201,2024/5/27,北京市渝中区,15217522284,已取消
ODR000840,U429,HomePod mini,2865元,2024-08-18 16:09:49,西安市锦江区,13717440756,待付款
ODR000841,U363,USB-C充电线,2329,2024-03-22 11:23:47,杭州市浦东新区,15193552446,已发货
ODR000842,U305,iPad Pro 12.9,¥5956,2024.6.10 20时,武汉市锦江区,abc12345678,已付款
ODR000843,U226,手机壳,932,2024-06-22 18:28:38,广州市天河区,15225411451,已取消
ODR000844,U412,iPad Pro 12.9,7746,2024.3.8 10时,上海市西湖区,13609423241,已发货
ODR000845,U272,手机壳,1731,2024.5.18 16时,,15208429881,待付款
ODR000846,U267,HomePod mini,1376,2024.3.15 16时,上海市南山区,13883928138,待付款
ODR000847,U275,屏幕保护膜,¥6521,2024/6/23,,13596951416,待付款
ODR000848,U321,iPad Pro 12.9,1439,2024.12.21 16时,上海市天河区,13560067950,待付款
ODR000849,U241,HomePod mini,2852,2024-08-21 14:54:42,武汉市锦江区,13572225300,已取消
ODR000850,U093,iPhone 15 Pro,¥8540,2024-11-22 10:58:35,武汉市朝阳区,13670155716,已取消
ODR000851,U290,手机壳,2164,2024.7.12 16时,上海市锦江区,13548863302,已取消
ODR000852,U179,MacBook Air M3,¥3869,2024-04-02 14:28:30,成都市朝阳区,手机号缺失,已发货
ODR000853,U434,USB-C充电线,703,2024-01-16 15:17:37,广州市朝阳区,15102780704,已发货
ODR000854,U092,iPad Pro 12.9,¥838,2024-01-15 16:31:06,北京市江汉区,15191527044,已发货
ODR000855,U220,iPhone 15 Pro,1858,2024/7/22,北京市玄武区,13847425054,已付款
ODR000856,U413,HomePod mini,5610元,2024-01-13 13:01:03,北京市浦东新区,13907183346,已完成
ODR000857,U215,屏幕保护膜,2528,2024.7.9 19时,南京市渝中区,abc12345678,已付款
ODR000858,U429,Magic Keyboard,¥2669,2024.5.8 18时,深圳市雁塔区,15147676853,已完成
ODR000859,U140,HomePod mini,¥736,2024-05-11 19:54:32,西安市锦江区,13776897209,已付款
ODR000860,U401,iPhone 15 Pro,4741元,2024-12-21 16:29:13,广州市锦江区,15118430915,已发货
ODR000861,U301,手机壳,¥441,2024/6/4,西安市浦东新区,15033399239,已完成
ODR000862,U409,HomePod mini,2391,2024/3/5,广州市江汉区,15199165631,已发货
ODR000863,U299,屏幕保护膜,¥8713,2024/10/25,南京市西湖区,15126905501,已发货
ODR000864,U119,Apple Watch Series 9,3208,2024/2/16,南京市雁塔区,13581965364,已发货
ODR000865,U455,手机壳,¥2477,2024-12-18 21:13:53,广州市朝阳区,15258798546,已付款
ODR000866,U136,HomePod mini,3066,2024-05-07 10:06:41,杭州市天河区,13859356726,待付款
ODR000867,U179,屏幕保护膜,5912元,2024/8/27,武汉市浦东新区,13747683546,已付款
ODR000868,U495,iPad Pro 12.9,3549,2024-09-04 21:43:38,成都市天河区,13773763499,已完成
ODR000869,U062,MacBook Air M3,9753,2024.9.27 17时,北京市朝阳区,15230103803,已付款
ODR000870,U042,手机壳,8577,2024-05-04 19:18:32,重庆市江汉区,13889560141,已付款
ODR000871,U331,iMac 24寸,9014,2024.3.13 21时,南京市玄武区,15225497393,待付款
ODR000872,U441,MacBook Air M3,¥2532,2024.4.12 11时,武汉市雁塔区,15258171804,已发货
ODR000873,U458,Magic Keyboard,¥4381,2024-10-28 14:34:56,深圳市朝阳区,13856380271,已取消
ODR000874,U237,Mac mini M2,9427,2024.9.15 18时,南京市南山区,13664135299,待付款
ODR000875,U491,iPhone 15 Pro,3735,2024.10.16 18时,重庆市雁塔区,15178933056,已完成
ODR000876,U262,iMac 24寸,¥2359,2024-01-14 11:55:06,重庆市江汉区,13800138,待付款
ODR000877,U125,Magic Mouse,8731,2024.6.22 19时,广州市雁塔区,13562117203,待付款
ODR000878,U268,iPhone 15 Pro,5910,2024/3/5,广州市西湖区,13635189435,已取消
ODR000879,U048,手机壳,2332元,2024-03-02 18:08:03,杭州市朝阳区,13505713207,已付款
ODR000880,U418,屏幕保护膜,6716,2024-01-09 12:58:07,重庆市雁塔区,13618632657,待付款
ODR000881,U181,手机壳,6130,2024-10-04 20:07:30,南京市玄武区,13755221796,已发货
ODR000882,U136,AirPods Pro 2,3896,2024.4.22 18时,深圳市浦东新区,13801420237,已付款
ODR000883,U066,iMac 24寸,5902,2024-04-03 12:00:12,西安市渝中区,13966438352,已取消
ODR000884,U144,Apple Watch Series 9,4489,2024.11.10 19时,上海市锦江区,13690316104,已付款
ODR000885,U235,iMac 24寸,3956,2024.1.10 18时,南京市渝中区,13505020727,已完成
ODR000886,U179,Magic Mouse,¥8128,2024.7.25 10时,重庆市浦东新区,13753218002,已完成
ODR000887,U110,Magic Keyboard,9314元,2024.3.1 13时,成都市雁塔区,15146308900,已完成
ODR000888,U019,HomePod mini,5146元,2024-07-24 16:36:18,武汉市浦东新区,13964832395,已付款
ODR000889,U336,手机壳,¥2549,2024.6.4 18时,武汉市西湖区,13839204338,已付款
ODR000890,U191,Magic Keyboard,¥8464,2024/9/5,成都市朝阳区,123456,待付款
ODR000891,U250,Apple Watch Series 9,9483,2024.8.5 9时,深圳市南山区,13882971759,已发货
ODR000892,U169,AirPods Pro 2,4237,2024-02-03 11:46:29,南京市锦江区,13817977760,待付款
ODR000893,U466,Magic Keyboard,¥1561,2024-11-11 11:44:25,重庆市西湖区,15120896717,已付款
ODR000894,U173,MacBook Air M3,281元,2024.10.8 18时,西安市朝阳区,123456,已取消
ODR000895,U500,MacBook air M3,2212元,2024-12-22 16:03:00,重庆市江汉区,13667374950,已付款
ODR000896,U490,Magic Mouse,¥7736,2024.9.23 20时,深圳市渝中区,15203549609,已发货
ODR000897,U371,Apple Watch Series 9,1687,2024.8.28 18时,广州市锦江区,13661595572,已取消
ODR000898,U405,屏幕保护膜,1185元,2024-03-09 14:03:56,成都市江汉区,15230585773,已取消
ODR000899,U355,iPhone 15 Pro,819,2024.11.4 12时,广州市雁塔区,13523815711,已付款
ODR000900,U401,Magic Keyboard,1588元,2024.1.27 21时,西安市玄武区,13728877112,已取消
ODR000901,U475,Magic Keyboard,¥1845,2024-03-11 17:59:40,上海市渝中区,15163901713,已取消
ODR000902,U060,USB-C充电线,7616,2024-07-06 09:49:24,武汉市江汉区,13888161019,已完成
ODR000903,U319,手机壳,7292,2024-02-23 17:24:04,上海市朝阳区,13716605942,已付款
ODR000904,U409,手机壳,4765,2024.1.13 17时,杭州市天河区,13647730910,已发货
ODR000905,U054,Apple Watch Series 9,¥4608,2024.11.8 17时,上海市朝阳区,13842804144,待付款
ODR000906,U063,手机壳,¥891,2024-05-18 10:30:02,深圳市雁塔区,15088687288,已完成
ODR000907,U102,AirPods Pro 2,¥312,2024.2.18 9时,杭州市天河区,13514262685,已发货
ODR000908,U275,iMac 24寸,6613,2024-04-27 21:08:09,,15034661578,已完成
ODR000909,U251,屏幕保护膜,7537,2024.12.18 12时,成都市雁塔区,13893222700,已付款
ODR000910,U217,USB-C充电线,7148元,2024-09-26 11:04:39,南京市江汉区,15295515146,已取消
ODR000911,U410,iMac 24寸,802元,2024/1/19,北京市南山区,13659786230,已发货
ODR000912,U378,屏幕保护膜,3204,2024/7/6,杭州市锦江区,abc12345678,待付款
ODR000913,U222,Mac mini M2,¥5049,2024-06-21 14:54:31,武汉市朝阳区,13801188337,待付款
ODR000914,U392,手机壳,5038,2024-03-25 14:24:20,重庆市天河区,13686766170,已取消
ODR000915,U454,Apple Watch Series 9,4498,2024-11-17 19:11:58,深圳市锦江区,13636094912,已取消
ODR000916,U046,iPhone 15 pro,886元,2024.3.2 17时,北京市浦东新区,15270995502,已取消
ODR000917,U325,iPad Pro 12.9,5771,2024.7.2 13时,,13831239338,待付款
ODR000918,U445,Mac mini M2,¥2893,2024.9.6 20时,深圳市锦江区,13990842279,已付款
ODR000919,U418,USB-C充电线,2355,2024-11-05 17:28:22,杭州市天河区,13623862835,已完成
ODR000920,U166,USB-C充电线,9124元,2024/5/22,南京市南山区,15245769442,已付款
ODR000921,U092,Mac mini M2,7118,2024/9/10,深圳市江汉区,15196519418,已取消
ODR000922,U323,iPad Pro 12.9,2035元,2024/5/18,深圳市天河区,13800104757,已取消
ODR000923,U409,Magic Keyboard,¥2122,2024-11-08 12:47:56,西安市江汉区,13917925023,已发货
ODR000924,U320,iPad Pro 12.9,5072,2024.10.26 19时,西安市西湖区,13981026392,待付款
ODR000925,U265,Magic Mouse,5509,2024-04-14 17:08:41,南京市天河区,13576339879,已完成
ODR000926,U374,Magic Mouse,2467,2024.2.23 10时,成都市渝中区,13508205325,已付款
ODR000927,U071,AirPods Pro 2,9876元,2024/9/1,南京市南山区,13719405664,已付款
ODR000928,U434,AirPods Pro 2,¥8497,2024-11-09 21:55:45,,15250659954,待付款
ODR000929,U168,iPad Pro 12.9,7583,2024-05-03 17:49:13,深圳市江汉区,13736788713,待付款
ODR000930,U061,手机壳,¥7593,2024.10.15 11时,南京市雁塔区,13879253754,已发货
ODR000931,U408,Magic Mouse,5036,2024-01-25 09:21:26,成都市江汉区,123456,已发货
ODR000932,U355,Mac mini M2,6160,2024-03-22 20:38:48,深圳市浦东新区,13591357955,已完成
ODR000933,U162,HomePod mini,9536,2024.7.11 10时,北京市锦江区,15230115420,已付款
ODR000934,U211,Magic Keyboard,¥498,2024.10.25 14时,南京市朝阳区,13922042333,已付款
ODR000935,U445,iMac 24寸,¥2351,2024/12/9,杭州市浦东新区,123456,已取消
ODR000936,U300,Mac mini M2,5381元,2024.2.15 20时,广州市雁塔区,13918067697,待付款
ODR000937,U354,AirPods Pro 2,¥3428,2024-08-19 16:16:12,重庆市锦江区,13885153936,已发货
ODR000938,U380,iPhone 15 Pro,¥6502,2024-09-04 17:33:12,深圳市渝中区,15266824515,已付款
ODR000939,U389,HomePod mini,¥8222,2024-12-14 13:49:55,广州市西湖区,13665019236,已付款
ODR000940,U451,Mac mini M2,5943元,2024.7.23 19时,上海市锦江区,13543466163,已付款
ODR000941,U379,MacBook Air M3,7968,2024/10/4,广州市西湖区,13604828017,已完成
ODR000942,U266,iPhone 15 pro,8392,2024/12/4,上海市渝中区,15076787980,已完成
ODR000943,U171,手机壳,3410元,2024.6.2 10时,成都市天河区,13598465687,已付款
ODR000944,U155,Magic Keyboard,9322,2024/10/16,,15034572930,已取消
ODR000945,U082,iPhone 15 Pro,¥6397,2024.2.18 11时,西安市玄武区,15007674267,已付款
ODR000946,U085,屏幕保护膜,4944,2024/12/23,广州市朝阳区,15017401039,待付款
ODR000947,U122,Magic Keyboard,5945,2024/6/15,上海市天河区,13685934819,已取消
ODR000948,U400,iPad Pro 12.9,9434元,2024-07-07 14:20:09,重庆市浦东新区,123456,已付款
ODR000949,U182,Mac mini M2,¥9331,2024.6.9 14时,杭州市渝中区,13606137928,已付款
ODR000950,U291,MacBook Air M3,9674,2024-09-02 11:56:21,深圳市浦东新区,15069364890,已发货
ODR000951,U313,AirPods Pro 2,4721,2024/4/1,西安市雁塔区,13553920518,已付款
ODR000952,U333,Magic Mouse,6759,2024.6.23 14时,西安市江汉区,13859464543,已发货
ODR000953,U029,AirPods Pro 2,7265,2024/12/4,武汉市锦江区,15089568021,待付款
ODR000954,U186,Apple Watch Series 9,8758元,2024-03-17 21:11:38,西安市锦江区,15099601764,已付款
ODR000955,U368,AirPods Pro 2,¥3787,2024-11-15 13:42:52,重庆市渝中区,13561197443,已取消
ODR000956,U243,Apple Watch Series 9,¥7149,2024/5/23,成都市南山区,13906210903,已完成
ODR000957,U425,Apple Watch Series 9,¥6007,2024-11-10 10:25:52,上海市浦东新区,13825034347,已发货
ODR000958,U223,Magic Mouse,¥7110,2024.6.24 15时,北京市渝中区,15037331146,待付款
ODR000959,U010,手机壳,3334,2024.7.6 20时,西安市锦江区,13899853295,已发货
ODR000960,U481,Magic Keyboard,942,2024.5.4 15时,成都市西湖区,13990280856,已取消
ODR000961,U396,手机壳,8313,2024-09-11 13:25:25,武汉市雁塔区,13757014495,已付款
ODR000962,U424,iPad Pro 12.9,4622元,2024-11-15 21:25:01,广州市南山区,13997366789,已取消
ODR000963,U390,Magic Mouse,5348,2024-04-11 16:52:03,成都市玄武区,abc12345678,已取消
ODR000964,U462,AirPods Pro 2,2803,2024.11.1 15时,广州市浦东新区,13808312517,已付款
ODR000965,U349,iPhone 15 Pro,7269,2024-11-08 14:24:35,广州市渝中区,13799209933,已取消
ODR000966,U359,AirPods Pro 2,177,2024/9/23,南京市江汉区,13675000701,已付款
ODR000967,U305,Magic Mouse,3336,2024/1/28,,abc12345678,待付款
ODR000968,U016,Magic Keyboard,5497,2024-10-27 11:32:37,广州市天河区,15018443967,已完成
ODR000969,U340,Magic Mouse,2469,2024.8.1 10时,杭州市雁塔区,13792507371,已完成
ODR000970,U493,MacBook Air M3,2423元,2024.2.17 19时,深圳市雁塔区,手机号缺失,已完成
ODR000971,U483,Magic Mouse,¥5805,2024/12/10,广州市渝中区,123456,已发货
ODR000972,U491,Mac mini M2,¥6205,2024.6.8 11时,武汉市浦东新区,15181525192,已取消
ODR000973,U352,HomePod mini,¥2854,2024-12-23 19:09:33,西安市锦江区,15089377205,已取消
ODR000974,U241,HomePod mini,¥9789,2024.3.4 19时,南京市天河区,15111623508,已完成
ODR000975,U057,MacBook Air M3,¥3630,2024.5.26 14时,杭州市江汉区,13569339560,已完成
ODR000976,U178,Mac mini M2,7762,2024-07-17 20:43:25,,13579719520,已付款
ODR000977,U395,Apple Watch Series 9,¥9463,2024-05-12 18:22:06,西安市雁塔区,13800138,已发货
ODR000978,U168,Apple Watch Series 9,925,2024-10-23 15:43:42,武汉市雁塔区,13963630445,已付款
ODR000979,U350,iPad Pro 12.9,¥2143,2024.10.28 12时,武汉市朝阳区,15275822565,已取消
ODR000980,U456,Magic Mouse,2182,2024.4.10 10时,上海市天河区,15245506280,已付款
ODR000981,U273,MacBook Air M3,¥6426,2024.7.13 21时,,13748238495,待付款
ODR000982,U164,手机壳,2883,2024-02-18 21:24:49,深圳市渝中区,13886398570,已完成
ODR000983,U006,USB-C充电线,7458元,2024.12.8 9时,深圳市西湖区,13693030012,已完成
ODR000984,U434,AirPods Pro 2,8315,2024.11.20 12时,深圳市南山区,13745362697,待付款
ODR000985,U216,屏幕保护膜,7059元,2024.12.19 10时,重庆市锦江区,123456,已取消
ODR000986,U044,MacBook Air M3,8228,2024-08-06 16:31:28,上海市玄武区,13800138,待付款
ODR000987,U217,MacBook air M3,¥2951,2024.7.23 10时,西安市浦东新区,13826127700,待付款
ODR000988,U121,Magic Keyboard,3509元,2024.4.25 13时,重庆市西湖区,13800138,已发货
ODR000989,U285,HomePod mini,3634,2024-02-25 09:51:22,,13913265031,已发货
ODR000990,U269,屏幕保护膜,¥8830,2024-02-19 17:18:13,北京市雁塔区,13801391734,已取消
ODR000991,U167,Apple Watch Series 9,8989,2024-04-12 19:43:05,,15067243354,已完成
ODR000992,U196,iPhone 15 Pro,4764,2024.9.3 15时,杭州市锦江区,13581702707,已取消
ODR000993,U183,iPhone 15 Pro,¥6621,2024/7/28,西安市西湖区,15113597067,已完成
ODR000994,U111,iPhone 15 Pro,¥6849,2024.8.13 17时,南京市浦东新区,13912837274,已付款
ODR000995,U405,Magic Mouse,5982,2024/3/14,武汉市天河区,13972802761,已发货
ODR000996,U196,AirPods Pro 2,9492,2024-10-13 17:13:51,北京市渝中区,13698073380,已完成
ODR000997,U105,USB-C充电线,4104,2024-10-18 14:25:01,北京市浦东新区,123456,已发货
ODR000998,U240,Magic Mouse,¥4451,2024-02-03 19:53:02,北京市玄武区,13800138,已完成
ODR000999,U394,屏幕保护膜,¥3182,2024.7.17 17时,广州市渝中区,13896590822,已发货
ODR001000,U435,屏幕保护膜,6384,2024-03-02 16:29:33,深圳市玄武区,15136690141,待付款
